﻿<VersionInfo xmlns:i="http://www.w3.org/2001/XMLSchema-instance" xmlns="http://schemas.datacontract.org/2004/07/Kooboo.CMS.Content.Versioning">
	<CommitUser>admin</CommitUser>
	<UtcCommitDate>2016-03-14T10:38:55.0461518Z</UtcCommitDate>
	<TextContent xmlns:d2p1="http://schemas.microsoft.com/2003/10/Serialization/Arrays">
		<d2p1:KeyValueOfstringanyType>
			<d2p1:Key>UserKey</d2p1:Key>
			<d2p1:Value xmlns:d4p1="http://www.w3.org/2001/XMLSchema" i:type="d4p1:string">Possibly-harmful</d2p1:Value>
		</d2p1:KeyValueOfstringanyType>
		<d2p1:KeyValueOfstringanyType>
			<d2p1:Key>Id</d2p1:Key>
			<d2p1:Value xmlns:d4p1="http://www.w3.org/2001/XMLSchema" i:type="d4p1:string"></d2p1:Value>
		</d2p1:KeyValueOfstringanyType>
		<d2p1:KeyValueOfstringanyType>
			<d2p1:Key>UtcCreationDate</d2p1:Key>
			<d2p1:Value xmlns:d4p1="http://www.w3.org/2001/XMLSchema" i:type="d4p1:dateTime">2016-03-14T17:36:56.9445977+07:00</d2p1:Value>
		</d2p1:KeyValueOfstringanyType>
		<d2p1:KeyValueOfstringanyType>
			<d2p1:Key>UtcLastModificationDate</d2p1:Key>
			<d2p1:Value xmlns:d4p1="http://www.w3.org/2001/XMLSchema" i:type="d4p1:dateTime">2016-03-14T10:38:55.0461518Z</d2p1:Value>
		</d2p1:KeyValueOfstringanyType>
		<d2p1:KeyValueOfstringanyType>
			<d2p1:Key>UUID</d2p1:Key>
			<d2p1:Value xmlns:d4p1="http://www.w3.org/2001/XMLSchema" i:type="d4p1:string">EWP2232JB3MQ5X28</d2p1:Value>
		</d2p1:KeyValueOfstringanyType>
		<d2p1:KeyValueOfstringanyType>
			<d2p1:Key>Repository</d2p1:Key>
			<d2p1:Value xmlns:d4p1="http://www.w3.org/2001/XMLSchema" i:type="d4p1:string">Ahnlab</d2p1:Value>
		</d2p1:KeyValueOfstringanyType>
		<d2p1:KeyValueOfstringanyType>
			<d2p1:Key>FolderName</d2p1:Key>
			<d2p1:Value xmlns:d4p1="http://www.w3.org/2001/XMLSchema" i:type="d4p1:string">Security~Virus~VirusType</d2p1:Value>
		</d2p1:KeyValueOfstringanyType>
		<d2p1:KeyValueOfstringanyType>
			<d2p1:Key>SchemaName</d2p1:Key>
			<d2p1:Value xmlns:d4p1="http://www.w3.org/2001/XMLSchema" i:type="d4p1:string">Catagory</d2p1:Value>
		</d2p1:KeyValueOfstringanyType>
		<d2p1:KeyValueOfstringanyType>
			<d2p1:Key>Name</d2p1:Key>
			<d2p1:Value xmlns:d4p1="http://www.w3.org/2001/XMLSchema" i:type="d4p1:string">Possibly harmful</d2p1:Value>
		</d2p1:KeyValueOfstringanyType>
		<d2p1:KeyValueOfstringanyType>
			<d2p1:Key>Url</d2p1:Key>
			<d2p1:Value xmlns:d4p1="http://www.w3.org/2001/XMLSchema" i:type="d4p1:string">#</d2p1:Value>
		</d2p1:KeyValueOfstringanyType>
		<d2p1:KeyValueOfstringanyType>
			<d2p1:Key>IsHot</d2p1:Key>
			<d2p1:Value xmlns:d4p1="http://www.w3.org/2001/XMLSchema" i:type="d4p1:boolean">true</d2p1:Value>
		</d2p1:KeyValueOfstringanyType>
		<d2p1:KeyValueOfstringanyType>
			<d2p1:Key>Order</d2p1:Key>
			<d2p1:Value xmlns:d4p1="http://www.w3.org/2001/XMLSchema" i:type="d4p1:int">3</d2p1:Value>
		</d2p1:KeyValueOfstringanyType>
		<d2p1:KeyValueOfstringanyType>
			<d2p1:Key>CssClass</d2p1:Key>
			<d2p1:Value xmlns:d4p1="http://www.w3.org/2001/XMLSchema" i:type="d4p1:string"></d2p1:Value>
		</d2p1:KeyValueOfstringanyType>
		<d2p1:KeyValueOfstringanyType>
			<d2p1:Key>HtmlAdv</d2p1:Key>
			<d2p1:Value xmlns:d4p1="http://www.w3.org/2001/XMLSchema" i:type="d4p1:string"></d2p1:Value>
		</d2p1:KeyValueOfstringanyType>
		<d2p1:KeyValueOfstringanyType>
			<d2p1:Key>Published</d2p1:Key>
			<d2p1:Value xmlns:d4p1="http://www.w3.org/2001/XMLSchema" i:type="d4p1:boolean">true</d2p1:Value>
		</d2p1:KeyValueOfstringanyType>
		<d2p1:KeyValueOfstringanyType>
			<d2p1:Key>ParentFolder</d2p1:Key>
			<d2p1:Value i:nil="true" />
		</d2p1:KeyValueOfstringanyType>
		<d2p1:KeyValueOfstringanyType>
			<d2p1:Key>ParentUUID</d2p1:Key>
			<d2p1:Value i:nil="true" />
		</d2p1:KeyValueOfstringanyType>
		<d2p1:KeyValueOfstringanyType>
			<d2p1:Key>UserId</d2p1:Key>
			<d2p1:Value xmlns:d4p1="http://www.w3.org/2001/XMLSchema" i:type="d4p1:string">admin</d2p1:Value>
		</d2p1:KeyValueOfstringanyType>
		<d2p1:KeyValueOfstringanyType>
			<d2p1:Key>Sequence</d2p1:Key>
			<d2p1:Value xmlns:d4p1="http://www.w3.org/2001/XMLSchema" i:type="d4p1:int">6</d2p1:Value>
		</d2p1:KeyValueOfstringanyType>
		<d2p1:KeyValueOfstringanyType>
			<d2p1:Key>___EnableVersion___</d2p1:Key>
			<d2p1:Value xmlns:d4p1="http://www.w3.org/2001/XMLSchema" i:type="d4p1:boolean">true</d2p1:Value>
		</d2p1:KeyValueOfstringanyType>
	</TextContent>
	<Categories />
</VersionInfo>