﻿<VersionInfo xmlns:i="http://www.w3.org/2001/XMLSchema-instance" xmlns="http://schemas.datacontract.org/2004/07/Kooboo.CMS.Content.Versioning">
	<CommitUser>admin</CommitUser>
	<UtcCommitDate>2016-03-14T17:58:48.5854862+07:00</UtcCommitDate>
	<TextContent xmlns:d2p1="http://schemas.microsoft.com/2003/10/Serialization/Arrays">
		<d2p1:KeyValueOfstringanyType>
			<d2p1:Key>UserKey</d2p1:Key>
			<d2p1:Value xmlns:d4p1="http://www.w3.org/2001/XMLSchema" i:type="d4p1:string">Trojan-Win32-Banki-C1317069</d2p1:Value>
		</d2p1:KeyValueOfstringanyType>
		<d2p1:KeyValueOfstringanyType>
			<d2p1:Key>Id</d2p1:Key>
			<d2p1:Value xmlns:d4p1="http://www.w3.org/2001/XMLSchema" i:type="d4p1:string"></d2p1:Value>
		</d2p1:KeyValueOfstringanyType>
		<d2p1:KeyValueOfstringanyType>
			<d2p1:Key>UtcCreationDate</d2p1:Key>
			<d2p1:Value xmlns:d4p1="http://www.w3.org/2001/XMLSchema" i:type="d4p1:dateTime">2016-03-14T17:58:48.5854862+07:00</d2p1:Value>
		</d2p1:KeyValueOfstringanyType>
		<d2p1:KeyValueOfstringanyType>
			<d2p1:Key>UtcLastModificationDate</d2p1:Key>
			<d2p1:Value xmlns:d4p1="http://www.w3.org/2001/XMLSchema" i:type="d4p1:dateTime">2016-03-14T17:58:48.5854862+07:00</d2p1:Value>
		</d2p1:KeyValueOfstringanyType>
		<d2p1:KeyValueOfstringanyType>
			<d2p1:Key>UUID</d2p1:Key>
			<d2p1:Value xmlns:d4p1="http://www.w3.org/2001/XMLSchema" i:type="d4p1:string">FW4277A5NBRU958L</d2p1:Value>
		</d2p1:KeyValueOfstringanyType>
		<d2p1:KeyValueOfstringanyType>
			<d2p1:Key>Repository</d2p1:Key>
			<d2p1:Value xmlns:d4p1="http://www.w3.org/2001/XMLSchema" i:type="d4p1:string">Ahnlab</d2p1:Value>
		</d2p1:KeyValueOfstringanyType>
		<d2p1:KeyValueOfstringanyType>
			<d2p1:Key>FolderName</d2p1:Key>
			<d2p1:Value xmlns:d4p1="http://www.w3.org/2001/XMLSchema" i:type="d4p1:string">Security~Virus</d2p1:Value>
		</d2p1:KeyValueOfstringanyType>
		<d2p1:KeyValueOfstringanyType>
			<d2p1:Key>SchemaName</d2p1:Key>
			<d2p1:Value xmlns:d4p1="http://www.w3.org/2001/XMLSchema" i:type="d4p1:string">Virus</d2p1:Value>
		</d2p1:KeyValueOfstringanyType>
		<d2p1:KeyValueOfstringanyType>
			<d2p1:Key>Name</d2p1:Key>
			<d2p1:Value xmlns:d4p1="http://www.w3.org/2001/XMLSchema" i:type="d4p1:string">Trojan/Win32.Banki.C1317069</d2p1:Value>
		</d2p1:KeyValueOfstringanyType>
		<d2p1:KeyValueOfstringanyType>
			<d2p1:Key>Risk</d2p1:Key>
			<d2p1:Value xmlns:d4p1="http://www.w3.org/2001/XMLSchema" i:type="d4p1:string">High</d2p1:Value>
		</d2p1:KeyValueOfstringanyType>
		<d2p1:KeyValueOfstringanyType>
			<d2p1:Key>DetailInfo</d2p1:Key>
			<d2p1:Value xmlns:d4p1="http://www.w3.org/2001/XMLSchema" i:type="d4p1:string">&lt;h3 class="blind"&gt;Detail Information&lt;/h3&gt;
&lt;p&gt;&lt;b&gt;&lt;span style="color: #ffaa00;"&gt;* Method of Infection&lt;/span&gt;&lt;/b&gt;&lt;/p&gt;
&lt;p&gt;This malware does not self-propagate. It is likely that the system could be infected when a user downloads an executable file from email, messenger, board, and download centers and run the file. Or, it is possible that it is installed by other malicious codes (worms, viruses and trojan horses).&lt;/p&gt;
&lt;p&gt;&amp;nbsp;&lt;/p&gt;
&lt;p&gt;&lt;b&gt;&lt;span style="color: #ffaa00;"&gt;* Symptoms after Execution&lt;/span&gt;&lt;/b&gt;&lt;/p&gt;
&lt;p&gt;This malware changes the start page of the Web browser to '&lt;a target="_self" href="http://www.n ** e * .com"&gt;www.n&amp;nbsp;** e * .com&lt;/a&gt;' and steals public key certificates stored in the system. It also modifies hosts and hosts.ics files to redirect users to fake websites for pharming.&lt;/p&gt;
&lt;p&gt;&amp;nbsp;&lt;/p&gt;
&lt;p&gt;&lt;span style="color: #0075c8;"&gt;[File Modifications]&lt;/span&gt;&lt;/p&gt;
&lt;p&gt;Files in the following paths are modified:&lt;/p&gt;
&lt;p&gt;-&lt;span style="white-space: pre;" class="Apple-tab-span"&gt; &lt;/span&gt;c:\windows\system32\drivers\etc\hosts&lt;/p&gt;
&lt;p&gt;-&lt;span style="white-space: pre;" class="Apple-tab-span"&gt; &lt;/span&gt;c:\windows\system32\drivers\etc\hosts.ics&lt;/p&gt;
&lt;p&gt;The contents of the files include a list of domain names of major Korean banks and IP addresses of the attackers.&lt;/p&gt;
&lt;p&gt;&amp;nbsp;&lt;/p&gt;
&lt;p&gt;&lt;span style="color: #0075c8;"&gt;[Modifications on Windows Registry]&lt;/span&gt;&lt;/p&gt;
&lt;p&gt;This malware adds the following value on Windows registry to be executed whenever Windows starts.&lt;/p&gt;
&lt;p&gt;-&lt;span style="white-space: pre;" class="Apple-tab-span"&gt; &lt;/span&gt;KEY: HKEY_LOCAL_MACHINE\Software\Microsoft\Windows\CurrentVersion\Run\[8 Digits of Random Numbers]&lt;/p&gt;
&lt;p&gt;-&lt;span style="white-space: pre;" class="Apple-tab-span"&gt; &lt;/span&gt;DATA: [The Path of the Malware Executed]&lt;/p&gt;
&lt;p&gt;&amp;nbsp;&lt;/p&gt;
&lt;p&gt;It also changes the start page of the Web browser by adding the following value and key.&lt;/p&gt;
&lt;p&gt;-&lt;span style="white-space: pre;" class="Apple-tab-span"&gt; &lt;/span&gt;KEY: HKEY_CURRENT_USER\Software\Microsoft\Internet Explorer\Main\Start Page&lt;/p&gt;
&lt;p&gt;-&lt;span style="white-space: pre;" class="Apple-tab-span"&gt; &lt;/span&gt;DATA:&amp;nbsp;&lt;a href="http://www.n%2A%2Ae%2A.com/"&gt;www.n**e*.com&lt;/a&gt;&lt;/p&gt;
&lt;p&gt;&amp;nbsp;&lt;/p&gt;
&lt;p&gt;&lt;span style="color: #0075c8;"&gt;[Network Connections]&amp;nbsp;&lt;/span&gt;&lt;/p&gt;
&lt;p&gt;This malware transfers user's private information or keystrokes to the following IP address:&amp;nbsp;&lt;/p&gt;
&lt;p&gt;-&lt;span style="white-space: pre;" class="Apple-tab-span"&gt; &lt;/span&gt;112.1*5.42.9*&lt;/p&gt;
&lt;p&gt;Note) Addresses have been partially omitted with *s.&lt;/p&gt;
&lt;p&gt;&amp;nbsp;​&amp;nbsp;&lt;/p&gt;</d2p1:Value>
		</d2p1:KeyValueOfstringanyType>
		<d2p1:KeyValueOfstringanyType>
			<d2p1:Key>SystemRisk</d2p1:Key>
			<d2p1:Value xmlns:d4p1="http://www.w3.org/2001/XMLSchema" i:type="d4p1:string">High</d2p1:Value>
		</d2p1:KeyValueOfstringanyType>
		<d2p1:KeyValueOfstringanyType>
			<d2p1:Key>NetworkRisk</d2p1:Key>
			<d2p1:Value xmlns:d4p1="http://www.w3.org/2001/XMLSchema" i:type="d4p1:string">High</d2p1:Value>
		</d2p1:KeyValueOfstringanyType>
		<d2p1:KeyValueOfstringanyType>
			<d2p1:Key>SpreadRisk</d2p1:Key>
			<d2p1:Value xmlns:d4p1="http://www.w3.org/2001/XMLSchema" i:type="d4p1:string">High</d2p1:Value>
		</d2p1:KeyValueOfstringanyType>
		<d2p1:KeyValueOfstringanyType>
			<d2p1:Key>CurrentSpreadLevel</d2p1:Key>
			<d2p1:Value xmlns:d4p1="http://www.w3.org/2001/XMLSchema" i:type="d4p1:string">Unknown</d2p1:Value>
		</d2p1:KeyValueOfstringanyType>
		<d2p1:KeyValueOfstringanyType>
			<d2p1:Key>Aliases</d2p1:Key>
			<d2p1:Value xmlns:d4p1="http://www.w3.org/2001/XMLSchema" i:type="d4p1:string">Trojan.GenericKD.2978228, TR/Crypt.PEPM.Gen, VirTool:Win32/Injector.HY</d2p1:Value>
		</d2p1:KeyValueOfstringanyType>
		<d2p1:KeyValueOfstringanyType>
			<d2p1:Key>CreatedFile</d2p1:Key>
			<d2p1:Value xmlns:d4p1="http://www.w3.org/2001/XMLSchema" i:type="d4p1:string"></d2p1:Value>
		</d2p1:KeyValueOfstringanyType>
		<d2p1:KeyValueOfstringanyType>
			<d2p1:Key>Activity</d2p1:Key>
			<d2p1:Value xmlns:d4p1="http://www.w3.org/2001/XMLSchema" i:type="d4p1:string">Browser Homepage Change, Information Leakage</d2p1:Value>
		</d2p1:KeyValueOfstringanyType>
		<d2p1:KeyValueOfstringanyType>
			<d2p1:Key>Platform</d2p1:Key>
			<d2p1:Value xmlns:d4p1="http://www.w3.org/2001/XMLSchema" i:type="d4p1:string">Windows</d2p1:Value>
		</d2p1:KeyValueOfstringanyType>
		<d2p1:KeyValueOfstringanyType>
			<d2p1:Key>Origin</d2p1:Key>
			<d2p1:Value xmlns:d4p1="http://www.w3.org/2001/XMLSchema" i:type="d4p1:string">Country Code</d2p1:Value>
		</d2p1:KeyValueOfstringanyType>
		<d2p1:KeyValueOfstringanyType>
			<d2p1:Key>InfectionRoute</d2p1:Key>
			<d2p1:Value xmlns:d4p1="http://www.w3.org/2001/XMLSchema" i:type="d4p1:string">Mail, Network, Download, Vulnerability</d2p1:Value>
		</d2p1:KeyValueOfstringanyType>
		<d2p1:KeyValueOfstringanyType>
			<d2p1:Key>InfectionMethod</d2p1:Key>
			<d2p1:Value xmlns:d4p1="http://www.w3.org/2001/XMLSchema" i:type="d4p1:string">Unknown</d2p1:Value>
		</d2p1:KeyValueOfstringanyType>
		<d2p1:KeyValueOfstringanyType>
			<d2p1:Key>DateDiscovered</d2p1:Key>
			<d2p1:Value xmlns:d4p1="http://www.w3.org/2001/XMLSchema" i:type="d4p1:string">Unknown</d2p1:Value>
		</d2p1:KeyValueOfstringanyType>
		<d2p1:KeyValueOfstringanyType>
			<d2p1:Key>Instructions</d2p1:Key>
			<d2p1:Value xmlns:d4p1="http://www.w3.org/2001/XMLSchema" i:type="d4p1:string">&lt;p&gt;You can scan this virus with the latest Engine&lt;/p&gt;
&lt;p&gt;You can cure this virus with the latest Engine&lt;/p&gt;</d2p1:Value>
		</d2p1:KeyValueOfstringanyType>
		<d2p1:KeyValueOfstringanyType>
			<d2p1:Key>Summary</d2p1:Key>
			<d2p1:Value xmlns:d4p1="http://www.w3.org/2001/XMLSchema" i:type="d4p1:string">&lt;p&gt;&lt;span id="husky_bookmark_end_1452834992295"&gt;&lt;/span&gt;&lt;span style="color: #ff0000;"&gt;Trojan/Win32.Banki.C1317069&lt;/span&gt; uses pharming techniques and steals users' financial information including public key certificates.​&lt;/p&gt;</d2p1:Value>
		</d2p1:KeyValueOfstringanyType>
		<d2p1:KeyValueOfstringanyType>
			<d2p1:Key>Published</d2p1:Key>
			<d2p1:Value xmlns:d4p1="http://www.w3.org/2001/XMLSchema" i:type="d4p1:boolean">true</d2p1:Value>
		</d2p1:KeyValueOfstringanyType>
		<d2p1:KeyValueOfstringanyType>
			<d2p1:Key>ParentFolder</d2p1:Key>
			<d2p1:Value i:nil="true" />
		</d2p1:KeyValueOfstringanyType>
		<d2p1:KeyValueOfstringanyType>
			<d2p1:Key>ParentUUID</d2p1:Key>
			<d2p1:Value i:nil="true" />
		</d2p1:KeyValueOfstringanyType>
		<d2p1:KeyValueOfstringanyType>
			<d2p1:Key>UserId</d2p1:Key>
			<d2p1:Value xmlns:d4p1="http://www.w3.org/2001/XMLSchema" i:type="d4p1:string">admin</d2p1:Value>
		</d2p1:KeyValueOfstringanyType>
		<d2p1:KeyValueOfstringanyType>
			<d2p1:Key>Sequence</d2p1:Key>
			<d2p1:Value xmlns:d4p1="http://www.w3.org/2001/XMLSchema" i:type="d4p1:int">3</d2p1:Value>
		</d2p1:KeyValueOfstringanyType>
	</TextContent>
	<Categories>
		<Category>
			<FolderName>Security~Virus~VirusType</FolderName>
			<Contents>
				<CategoryContent>
					<UUID>SY82WM2223MY933F</UUID>
					<DisplayName>Virus</DisplayName>
				</CategoryContent>
				<CategoryContent>
					<UUID>MQUJERWRG6AAJB3Y</UUID>
					<DisplayName> Information Leakage</DisplayName>
				</CategoryContent>
			</Contents>
		</Category>
		<Category>
			<FolderName>Security~RiskLevel</FolderName>
			<Contents />
		</Category>
	</Categories>
</VersionInfo>