﻿[
  {
    "UUID": "P7XZLFZHAM",
    "Name": "The latest version of our products are available for download. All products include a free evaluation period for your first installation only.",
    "Value": "The latest version of our products are available for download. All products include a free evaluation period for your first installation only.",
    "Category": "",
    "UtcCreationDate": "2016-03-09T16:07:31.0040123Z",
    "UtcLastestModificationDate": null,
    "LastestEditor": "admin"
  },
  {
    "UUID": "LLFE8UWMST",
    "Name": "Download",
    "Value": "Download",
    "Category": "",
    "UtcCreationDate": "2016-03-09T16:07:31.1300966Z",
    "UtcLastestModificationDate": null,
    "LastestEditor": "admin"
  },
  {
    "UUID": "XD5323RSVR",
    "Name": "The latest version of our products are available for download. The files apply only on the products registered.",
    "Value": "The latest version of our products are available for download. The files apply only on the products registered.",
    "Category": "",
    "UtcCreationDate": "2016-03-11T13:37:40.173357Z",
    "UtcLastestModificationDate": null,
    "LastestEditor": "admin"
  },
  {
    "UUID": "SQWUGLBK5P",
    "Name": "Engine/Patch File Downloads",
    "Value": "Engine/Patch File Downloads",
    "Category": "",
    "UtcCreationDate": "2016-03-11T13:37:40.1843652Z",
    "UtcLastestModificationDate": null,
    "LastestEditor": "admin"
  },
  {
    "UUID": "LZENKWRX2X",
    "Name": "Category",
    "Value": "Category",
    "Category": "",
    "UtcCreationDate": "2016-03-11T13:37:40.1923709Z",
    "UtcLastestModificationDate": null,
    "LastestEditor": "admin"
  },
  {
    "UUID": "DD46895W3G",
    "Name": "Product",
    "Value": "Product",
    "Category": "",
    "UtcCreationDate": "2016-03-11T13:37:40.2013761Z",
    "UtcLastestModificationDate": null,
    "LastestEditor": "admin"
  },
  {
    "UUID": "KX2JXW996W",
    "Name": "File Type",
    "Value": "File Type",
    "Category": "",
    "UtcCreationDate": "2016-03-11T14:26:54.1536589Z",
    "UtcLastestModificationDate": null,
    "LastestEditor": "admin"
  },
  {
    "UUID": "SJJGGKACDQ",
    "Name": "Date",
    "Value": "Date",
    "Category": "",
    "UtcCreationDate": "2016-03-11T14:26:54.1536589Z",
    "UtcLastestModificationDate": null,
    "LastestEditor": "admin"
  },
  {
    "UUID": "QJ5P9LQUPH",
    "Name": "Removal Tools",
    "Value": "Removal Tools",
    "Category": "",
    "UtcCreationDate": "2016-03-11T14:26:58.6696357Z",
    "UtcLastestModificationDate": null,
    "LastestEditor": "admin"
  },
  {
    "UUID": "T2UG263SRS",
    "Name": "No",
    "Value": "No",
    "Category": "",
    "UtcCreationDate": "2016-03-11T14:26:58.6796445Z",
    "UtcLastestModificationDate": null,
    "LastestEditor": "admin"
  },
  {
    "UUID": "GMQY4F5A6D",
    "Name": "Name",
    "Value": "Name",
    "Category": "",
    "UtcCreationDate": "2016-03-11T14:26:58.6876468Z",
    "UtcLastestModificationDate": null,
    "LastestEditor": "admin"
  },
  {
    "UUID": "6BXRS8P3MM",
    "Name": "The latest version of our products are available for download. Learn about the various product lines of AhnLab.",
    "Value": "The latest version of our products are available for download. Learn about the various product lines of AhnLab.",
    "Category": "",
    "UtcCreationDate": "2016-03-11T16:43:55.7246749Z",
    "UtcLastestModificationDate": null,
    "LastestEditor": "admin"
  },
  {
    "UUID": "Z5DPDSBRY7",
    "Name": "Document Downloads",
    "Value": "Document Downloads",
    "Category": "",
    "UtcCreationDate": "2016-03-11T16:43:55.798724Z",
    "UtcLastestModificationDate": null,
    "LastestEditor": "admin"
  },
  {
    "UUID": "J3A3853M5H",
    "Name": "Enter a question",
    "Value": "Enter a question",
    "Category": "",
    "UtcCreationDate": "2016-03-13T04:03:20.7822379Z",
    "UtcLastestModificationDate": null,
    "LastestEditor": "admin"
  },
  {
    "UUID": "T573VQ9TSY",
    "Name": "Search",
    "Value": "Search",
    "Category": "",
    "UtcCreationDate": "2016-03-13T04:03:20.7978629Z",
    "UtcLastestModificationDate": null,
    "LastestEditor": "admin"
  },
  {
    "UUID": "6WCKDGN9EY",
    "Name": "Total",
    "Value": "Total",
    "Category": "",
    "UtcCreationDate": "2016-03-13T04:03:20.9228674Z",
    "UtcLastestModificationDate": null,
    "LastestEditor": "admin"
  },
  {
    "UUID": "CNYMXMJYSJ",
    "Name": "Product FAQ List",
    "Value": "Product FAQ List",
    "Category": "",
    "UtcCreationDate": "2016-03-13T04:03:20.9228674Z",
    "UtcLastestModificationDate": null,
    "LastestEditor": "admin"
  },
  {
    "UUID": "S36KHBVSY6",
    "Name": "No.",
    "Value": "No.",
    "Category": "",
    "UtcCreationDate": "2016-03-13T04:03:20.9384946Z",
    "UtcLastestModificationDate": null,
    "LastestEditor": "admin"
  },
  {
    "UUID": "7VA35WVHY4",
    "Name": "Article",
    "Value": "Article",
    "Category": "",
    "UtcCreationDate": "2016-03-13T04:03:20.9697458Z",
    "UtcLastestModificationDate": null,
    "LastestEditor": "admin"
  },
  {
    "UUID": "G7A7ZM9C6L",
    "Name": "Hit",
    "Value": "Hit",
    "Category": "",
    "UtcCreationDate": "2016-03-13T04:03:20.9853721Z",
    "UtcLastestModificationDate": null,
    "LastestEditor": "admin"
  },
  {
    "UUID": "K2QKWLQ5UY",
    "Name": "Back to the List",
    "Value": "Back to the List",
    "Category": "",
    "UtcCreationDate": "2016-03-13T05:36:49.6836448Z",
    "UtcLastestModificationDate": null,
    "LastestEditor": "admin"
  },
  {
    "UUID": "RQD3RJHW9R",
    "Name": "Security Insight",
    "Value": "Security Insight",
    "Category": "",
    "UtcCreationDate": "2016-03-14T10:09:58.7639836Z",
    "UtcLastestModificationDate": null,
    "LastestEditor": "admin"
  },
  {
    "UUID": "SS39ZV349K",
    "Name": "Level",
    "Value": "Level",
    "Category": "",
    "UtcCreationDate": "2016-03-14T10:26:09.2237276Z",
    "UtcLastestModificationDate": null,
    "LastestEditor": "admin"
  },
  {
    "UUID": "J7M7K8GKW4",
    "Name": "Action",
    "Value": "Action",
    "Category": "",
    "UtcCreationDate": "2016-03-14T10:26:09.2537471Z",
    "UtcLastestModificationDate": null,
    "LastestEditor": "admin"
  },
  {
    "UUID": "47N7TC77FZ",
    "Name": "All",
    "Value": "All",
    "Category": "",
    "UtcCreationDate": "2016-03-14T11:18:29.9039191Z",
    "UtcLastestModificationDate": null,
    "LastestEditor": "admin"
  },
  {
    "UUID": "KV9JZP6BHN",
    "Name": "Virus",
    "Value": "Virus",
    "Category": "",
    "UtcCreationDate": "2016-03-14T11:18:29.9359407Z",
    "UtcLastestModificationDate": null,
    "LastestEditor": "admin"
  },
  {
    "UUID": "CJUSJXWTXS",
    "Name": "Virus Center List",
    "Value": "Virus Center List",
    "Category": "",
    "UtcCreationDate": "2016-03-14T11:18:29.9449462Z",
    "UtcLastestModificationDate": null,
    "LastestEditor": "admin"
  },
  {
    "UUID": "DHJADEH3A5",
    "Name": "Type",
    "Value": "Type",
    "Category": "",
    "UtcCreationDate": "2016-03-14T11:18:29.9559531Z",
    "UtcLastestModificationDate": null,
    "LastestEditor": "admin"
  },
  {
    "UUID": "THLH4HXYVS",
    "Name": "Risk",
    "Value": "Risk",
    "Category": "",
    "UtcCreationDate": "2016-03-14T11:18:29.965961Z",
    "UtcLastestModificationDate": null,
    "LastestEditor": "admin"
  },
  {
    "UUID": "UDGZLFUCRC",
    "Name": "Current page",
    "Value": "Current page",
    "Category": "",
    "UtcCreationDate": "2016-03-14T11:19:57.723077Z",
    "UtcLastestModificationDate": null,
    "LastestEditor": "admin"
  },
  {
    "UUID": "MWDRU6K39R",
    "Name": "Update Date",
    "Value": "Update Date",
    "Category": "",
    "UtcCreationDate": "2016-03-14T11:45:08.6086541Z",
    "UtcLastestModificationDate": null,
    "LastestEditor": "admin"
  },
  {
    "UUID": "9SKQN2BN9X",
    "Name": "Description",
    "Value": "Description",
    "Category": "",
    "UtcCreationDate": "2016-03-14T11:45:08.6276676Z",
    "UtcLastestModificationDate": null,
    "LastestEditor": "admin"
  },
  {
    "UUID": "9B2ZWNKK8M",
    "Name": "Detail Information",
    "Value": "Detail Information",
    "Category": "",
    "UtcCreationDate": "2016-03-14T11:45:08.6436778Z",
    "UtcLastestModificationDate": null,
    "LastestEditor": "admin"
  },
  {
    "UUID": "LWG3WMU9CB",
    "Name": "Malicious Code Risk Level Details",
    "Value": "Malicious Code Risk Level Details",
    "Category": "",
    "UtcCreationDate": "2016-03-14T11:45:08.6591923Z",
    "UtcLastestModificationDate": null,
    "LastestEditor": "admin"
  },
  {
    "UUID": "52RU2VYRUG",
    "Name": "System Risk",
    "Value": "System Risk",
    "Category": "",
    "UtcCreationDate": "2016-03-14T11:45:08.6681987Z",
    "UtcLastestModificationDate": null,
    "LastestEditor": "admin"
  },
  {
    "UUID": "UX2ZHNSAY9",
    "Name": "Network Risk",
    "Value": "Network Risk",
    "Category": "",
    "UtcCreationDate": "2016-03-14T11:45:08.6822136Z",
    "UtcLastestModificationDate": null,
    "LastestEditor": "admin"
  },
  {
    "UUID": "JPMBMT43X6",
    "Name": "Spread Risk",
    "Value": "Spread Risk",
    "Category": "",
    "UtcCreationDate": "2016-03-14T11:45:08.6982233Z",
    "UtcLastestModificationDate": null,
    "LastestEditor": "admin"
  },
  {
    "UUID": "2NU9TRV8S4",
    "Name": "Current Spread Level",
    "Value": "Current Spread Level",
    "Category": "",
    "UtcCreationDate": "2016-03-14T11:45:08.7832793Z",
    "UtcLastestModificationDate": null,
    "LastestEditor": "admin"
  },
  {
    "UUID": "Y8B2GCWZQW",
    "Name": "Malicious Code Basic Information  Details",
    "Value": "Malicious Code Basic Information  Details",
    "Category": "",
    "UtcCreationDate": "2016-03-14T11:45:08.8052943Z",
    "UtcLastestModificationDate": null,
    "LastestEditor": "admin"
  },
  {
    "UUID": "AZSX5W9EAH",
    "Name": "Aliases",
    "Value": "Aliases",
    "Category": "",
    "UtcCreationDate": "2016-03-14T11:45:08.8203042Z",
    "UtcLastestModificationDate": null,
    "LastestEditor": "admin"
  },
  {
    "UUID": "6YGPEB2HNJ",
    "Name": "Created File",
    "Value": "Created File",
    "Category": "",
    "UtcCreationDate": "2016-03-14T11:45:08.8373159Z",
    "UtcLastestModificationDate": null,
    "LastestEditor": "admin"
  },
  {
    "UUID": "RSWXRS9QDJ",
    "Name": "Activity",
    "Value": "Activity",
    "Category": "",
    "UtcCreationDate": "2016-03-14T11:45:08.8543264Z",
    "UtcLastestModificationDate": null,
    "LastestEditor": "admin"
  },
  {
    "UUID": "ZWYGSYHYLN",
    "Name": "Platform",
    "Value": "Platform",
    "Category": "",
    "UtcCreationDate": "2016-03-14T11:45:08.8713385Z",
    "UtcLastestModificationDate": null,
    "LastestEditor": "admin"
  },
  {
    "UUID": "NQH6ELSUUT",
    "Name": "Infection Route",
    "Value": "Infection Route",
    "Category": "",
    "UtcCreationDate": "2016-03-14T11:45:08.8843471Z",
    "UtcLastestModificationDate": null,
    "LastestEditor": "admin"
  },
  {
    "UUID": "WTYR7L5BTE",
    "Name": "Infection Method",
    "Value": "Infection Method",
    "Category": "",
    "UtcCreationDate": "2016-03-14T11:45:08.9493906Z",
    "UtcLastestModificationDate": null,
    "LastestEditor": "admin"
  },
  {
    "UUID": "GET75FD4KC",
    "Name": "Origin",
    "Value": "Origin",
    "Category": "",
    "UtcCreationDate": "2016-03-14T11:45:08.9684075Z",
    "UtcLastestModificationDate": null,
    "LastestEditor": "admin"
  },
  {
    "UUID": "B4JRM9M87M",
    "Name": "Date Discovered<br>(Local time)",
    "Value": "Date Discovered<br>(Local time)",
    "Category": "",
    "UtcCreationDate": "2016-03-14T11:45:08.9839221Z",
    "UtcLastestModificationDate": null,
    "LastestEditor": "admin"
  },
  {
    "UUID": "XA3V7UGLTE",
    "Name": "Instructions",
    "Value": "Instructions",
    "Category": "",
    "UtcCreationDate": "2016-03-14T11:45:09.001934Z",
    "UtcLastestModificationDate": null,
    "LastestEditor": "admin"
  },
  {
    "UUID": "EVB4XMTNCV",
    "Name": "Symptom and Summary",
    "Value": "Symptom and Summary",
    "Category": "",
    "UtcCreationDate": "2016-03-14T11:45:09.016944Z",
    "UtcLastestModificationDate": null,
    "LastestEditor": "admin"
  },
  {
    "UUID": "BQDBDXXMXH",
    "Name": "Articles List",
    "Value": "Articles List",
    "Category": "",
    "UtcCreationDate": "2016-03-14T13:44:09.9090976Z",
    "UtcLastestModificationDate": null,
    "LastestEditor": "admin"
  },
  {
    "UUID": "8CJFSZTFBC",
    "Name": "Tech<br />Report",
    "Value": "Tech<br />Report",
    "Category": "",
    "UtcCreationDate": "2016-03-17T07:55:05.683979Z",
    "UtcLastestModificationDate": null,
    "LastestEditor": "admin"
  },
  {
    "UUID": "AM6YF326FE",
    "Name": "Weekly Security News",
    "Value": "Weekly Security News",
    "Category": "",
    "UtcCreationDate": "2016-03-17T07:55:05.6996061Z",
    "UtcLastestModificationDate": null,
    "LastestEditor": "admin"
  },
  {
    "UUID": "6WVWEU4K4M",
    "Name": "ASEC<br />Report",
    "Value": "ASEC<br />Report",
    "Category": "",
    "UtcCreationDate": "2016-03-17T07:55:05.715234Z",
    "UtcLastestModificationDate": null,
    "LastestEditor": "admin"
  },
  {
    "UUID": "XU7AQFQVUS",
    "Name": "Technology Trends in One Sight",
    "Value": "Technology Trends in One Sight",
    "Category": "",
    "UtcCreationDate": "2016-03-17T07:55:05.7308567Z",
    "UtcLastestModificationDate": null,
    "LastestEditor": "admin"
  },
  {
    "UUID": "CBJYKJUMF6",
    "Name": "Latest Threats",
    "Value": "Latest Threats",
    "Category": "",
    "UtcCreationDate": "2016-03-17T07:55:06.242396Z",
    "UtcLastestModificationDate": null,
    "LastestEditor": "admin"
  },
  {
    "UUID": "QTRY89ZW4K",
    "Name": "Security Risk<br />Level",
    "Value": "Security Risk<br />Level",
    "Category": "",
    "UtcCreationDate": "2016-03-17T08:11:48.3385368Z",
    "UtcLastestModificationDate": null,
    "LastestEditor": "admin"
  },
  {
    "UUID": "RQXED6M444",
    "Name": "New Virus &amp; Spyware",
    "Value": "New Virus &amp; Spyware",
    "Category": "",
    "UtcCreationDate": "2016-03-17T08:11:48.3697935Z",
    "UtcLastestModificationDate": null,
    "LastestEditor": "admin"
  },
  {
    "UUID": "AYBMKYB27F",
    "Name": "More",
    "Value": "More",
    "Category": "",
    "UtcCreationDate": "2016-03-17T08:18:14.2050195Z",
    "UtcLastestModificationDate": null,
    "LastestEditor": "admin"
  },
  {
    "UUID": "MDLXCCFXPV",
    "Name": "Notice",
    "Value": "Notice",
    "Category": "",
    "UtcCreationDate": "2016-03-17T08:52:48.9219114Z",
    "UtcLastestModificationDate": null,
    "LastestEditor": "admin"
  },
  {
    "UUID": "WSV9A8SDYT",
    "Name": "[Notice]",
    "Value": "[Notice]",
    "Category": "",
    "UtcCreationDate": "2016-03-17T08:52:48.9375376Z",
    "UtcLastestModificationDate": null,
    "LastestEditor": "admin"
  },
  {
    "UUID": "AGNY9JRVJE",
    "Name": "Press Releases",
    "Value": "Press Releases",
    "Category": "",
    "UtcCreationDate": "2016-03-17T08:52:49.5972894Z",
    "UtcLastestModificationDate": null,
    "LastestEditor": "admin"
  }
]