<ArrayOfArrayOfKeyValueOfstringanyType xmlns="http://schemas.microsoft.com/2003/10/Serialization/Arrays" xmlns:i="http://www.w3.org/2001/XMLSchema-instance">
  <ArrayOfKeyValueOfstringanyType>
    <KeyValueOfstringanyType>
      <Key>UserKey</Key>
      <Value i:type="a:string" xmlns:a="http://www.w3.org/2001/XMLSchema">AhnLab-V3-Internet-Security-7-0-Platinum-Enterprise</Value>
    </KeyValueOfstringanyType>
    <KeyValueOfstringanyType>
      <Key>Id</Key>
      <Value i:type="a:string" xmlns:a="http://www.w3.org/2001/XMLSchema"/>
    </KeyValueOfstringanyType>
    <KeyValueOfstringanyType>
      <Key>UtcCreationDate</Key>
      <Value i:type="a:dateTime" xmlns:a="http://www.w3.org/2001/XMLSchema">2016-03-09T17:59:57.6460023Z</Value>
    </KeyValueOfstringanyType>
    <KeyValueOfstringanyType>
      <Key>UtcLastModificationDate</Key>
      <Value i:type="a:dateTime" xmlns:a="http://www.w3.org/2001/XMLSchema">2016-03-10T08:46:55.9984924Z</Value>
    </KeyValueOfstringanyType>
    <KeyValueOfstringanyType>
      <Key>UUID</Key>
      <Value i:type="a:string" xmlns:a="http://www.w3.org/2001/XMLSchema">D2J2SNJD438Q5RL5</Value>
    </KeyValueOfstringanyType>
    <KeyValueOfstringanyType>
      <Key>Repository</Key>
      <Value i:type="a:string" xmlns:a="http://www.w3.org/2001/XMLSchema">Ahnlab</Value>
    </KeyValueOfstringanyType>
    <KeyValueOfstringanyType>
      <Key>FolderName</Key>
      <Value i:type="a:string" xmlns:a="http://www.w3.org/2001/XMLSchema">Download~Engine</Value>
    </KeyValueOfstringanyType>
    <KeyValueOfstringanyType>
      <Key>SchemaName</Key>
      <Value i:type="a:string" xmlns:a="http://www.w3.org/2001/XMLSchema">Engine</Value>
    </KeyValueOfstringanyType>
    <KeyValueOfstringanyType>
      <Key>Product</Key>
      <Value i:type="a:string" xmlns:a="http://www.w3.org/2001/XMLSchema">AhnLab V3 Internet Security 7.0 Platinum Enterprise</Value>
    </KeyValueOfstringanyType>
    <KeyValueOfstringanyType>
      <Key>Type</Key>
      <Value i:type="a:string" xmlns:a="http://www.w3.org/2001/XMLSchema">Patch</Value>
    </KeyValueOfstringanyType>
    <KeyValueOfstringanyType>
      <Key>Link</Key>
      <Value i:type="a:string" xmlns:a="http://www.w3.org/2001/XMLSchema">#</Value>
    </KeyValueOfstringanyType>
    <KeyValueOfstringanyType>
      <Key>Published</Key>
      <Value i:type="a:boolean" xmlns:a="http://www.w3.org/2001/XMLSchema">true</Value>
    </KeyValueOfstringanyType>
    <KeyValueOfstringanyType>
      <Key>ParentFolder</Key>
      <Value i:nil="true"/>
    </KeyValueOfstringanyType>
    <KeyValueOfstringanyType>
      <Key>ParentUUID</Key>
      <Value i:nil="true"/>
    </KeyValueOfstringanyType>
    <KeyValueOfstringanyType>
      <Key>UserId</Key>
      <Value i:type="a:string" xmlns:a="http://www.w3.org/2001/XMLSchema">admin</Value>
    </KeyValueOfstringanyType>
    <KeyValueOfstringanyType>
      <Key>Sequence</Key>
      <Value i:type="a:int" xmlns:a="http://www.w3.org/2001/XMLSchema">1</Value>
    </KeyValueOfstringanyType>
    <KeyValueOfstringanyType>
      <Key>File</Key>
      <Value i:type="a:string" xmlns:a="http://www.w3.org/2001/XMLSchema"/>
    </KeyValueOfstringanyType>
    <KeyValueOfstringanyType>
      <Key>___EnableVersion___</Key>
      <Value i:type="a:boolean" xmlns:a="http://www.w3.org/2001/XMLSchema">true</Value>
    </KeyValueOfstringanyType>
  </ArrayOfKeyValueOfstringanyType>
  <ArrayOfKeyValueOfstringanyType>
    <KeyValueOfstringanyType>
      <Key>UserKey</Key>
      <Value i:type="a:string" xmlns:a="http://www.w3.org/2001/XMLSchema">APC-3-0-4-0</Value>
    </KeyValueOfstringanyType>
    <KeyValueOfstringanyType>
      <Key>Id</Key>
      <Value i:type="a:string" xmlns:a="http://www.w3.org/2001/XMLSchema"/>
    </KeyValueOfstringanyType>
    <KeyValueOfstringanyType>
      <Key>UtcCreationDate</Key>
      <Value i:type="a:dateTime" xmlns:a="http://www.w3.org/2001/XMLSchema">2016-03-10T01:00:59.7732169+07:00</Value>
    </KeyValueOfstringanyType>
    <KeyValueOfstringanyType>
      <Key>UtcLastModificationDate</Key>
      <Value i:type="a:dateTime" xmlns:a="http://www.w3.org/2001/XMLSchema">2016-03-10T15:46:46.8075493+07:00</Value>
    </KeyValueOfstringanyType>
    <KeyValueOfstringanyType>
      <Key>UUID</Key>
      <Value i:type="a:string" xmlns:a="http://www.w3.org/2001/XMLSchema">LQY27EFYYEE2MB2C</Value>
    </KeyValueOfstringanyType>
    <KeyValueOfstringanyType>
      <Key>Repository</Key>
      <Value i:type="a:string" xmlns:a="http://www.w3.org/2001/XMLSchema">Ahnlab</Value>
    </KeyValueOfstringanyType>
    <KeyValueOfstringanyType>
      <Key>FolderName</Key>
      <Value i:type="a:string" xmlns:a="http://www.w3.org/2001/XMLSchema">Download~Engine</Value>
    </KeyValueOfstringanyType>
    <KeyValueOfstringanyType>
      <Key>SchemaName</Key>
      <Value i:type="a:string" xmlns:a="http://www.w3.org/2001/XMLSchema">Engine</Value>
    </KeyValueOfstringanyType>
    <KeyValueOfstringanyType>
      <Key>Product</Key>
      <Value i:type="a:string" xmlns:a="http://www.w3.org/2001/XMLSchema">APC 3.0/4.0</Value>
    </KeyValueOfstringanyType>
    <KeyValueOfstringanyType>
      <Key>Type</Key>
      <Value i:type="a:string" xmlns:a="http://www.w3.org/2001/XMLSchema">Engine</Value>
    </KeyValueOfstringanyType>
    <KeyValueOfstringanyType>
      <Key>Link</Key>
      <Value i:type="a:string" xmlns:a="http://www.w3.org/2001/XMLSchema">#</Value>
    </KeyValueOfstringanyType>
    <KeyValueOfstringanyType>
      <Key>File</Key>
      <Value i:type="a:string" xmlns:a="http://www.w3.org/2001/XMLSchema"/>
    </KeyValueOfstringanyType>
    <KeyValueOfstringanyType>
      <Key>Published</Key>
      <Value i:type="a:boolean" xmlns:a="http://www.w3.org/2001/XMLSchema">true</Value>
    </KeyValueOfstringanyType>
    <KeyValueOfstringanyType>
      <Key>ParentFolder</Key>
      <Value i:nil="true"/>
    </KeyValueOfstringanyType>
    <KeyValueOfstringanyType>
      <Key>ParentUUID</Key>
      <Value i:nil="true"/>
    </KeyValueOfstringanyType>
    <KeyValueOfstringanyType>
      <Key>UserId</Key>
      <Value i:type="a:string" xmlns:a="http://www.w3.org/2001/XMLSchema">admin</Value>
    </KeyValueOfstringanyType>
    <KeyValueOfstringanyType>
      <Key>Sequence</Key>
      <Value i:type="a:int" xmlns:a="http://www.w3.org/2001/XMLSchema">2</Value>
    </KeyValueOfstringanyType>
    <KeyValueOfstringanyType>
      <Key>___EnableVersion___</Key>
      <Value i:type="a:boolean" xmlns:a="http://www.w3.org/2001/XMLSchema">true</Value>
    </KeyValueOfstringanyType>
  </ArrayOfKeyValueOfstringanyType>
  <ArrayOfKeyValueOfstringanyType>
    <KeyValueOfstringanyType>
      <Key>UserKey</Key>
      <Value i:type="a:string" xmlns:a="http://www.w3.org/2001/XMLSchema">AhnLab-V3-Internet-Security-2007-Platinum</Value>
    </KeyValueOfstringanyType>
    <KeyValueOfstringanyType>
      <Key>Id</Key>
      <Value i:type="a:string" xmlns:a="http://www.w3.org/2001/XMLSchema"/>
    </KeyValueOfstringanyType>
    <KeyValueOfstringanyType>
      <Key>UtcCreationDate</Key>
      <Value i:type="a:dateTime" xmlns:a="http://www.w3.org/2001/XMLSchema">2016-03-10T01:01:33.1966826+07:00</Value>
    </KeyValueOfstringanyType>
    <KeyValueOfstringanyType>
      <Key>UtcLastModificationDate</Key>
      <Value i:type="a:dateTime" xmlns:a="http://www.w3.org/2001/XMLSchema">2016-03-10T15:46:38.6423679+07:00</Value>
    </KeyValueOfstringanyType>
    <KeyValueOfstringanyType>
      <Key>UUID</Key>
      <Value i:type="a:string" xmlns:a="http://www.w3.org/2001/XMLSchema">CM62C6UBRYLAANLR</Value>
    </KeyValueOfstringanyType>
    <KeyValueOfstringanyType>
      <Key>Repository</Key>
      <Value i:type="a:string" xmlns:a="http://www.w3.org/2001/XMLSchema">Ahnlab</Value>
    </KeyValueOfstringanyType>
    <KeyValueOfstringanyType>
      <Key>FolderName</Key>
      <Value i:type="a:string" xmlns:a="http://www.w3.org/2001/XMLSchema">Download~Engine</Value>
    </KeyValueOfstringanyType>
    <KeyValueOfstringanyType>
      <Key>SchemaName</Key>
      <Value i:type="a:string" xmlns:a="http://www.w3.org/2001/XMLSchema">Engine</Value>
    </KeyValueOfstringanyType>
    <KeyValueOfstringanyType>
      <Key>Product</Key>
      <Value i:type="a:string" xmlns:a="http://www.w3.org/2001/XMLSchema">AhnLab V3 Internet Security 2007 Platinum</Value>
    </KeyValueOfstringanyType>
    <KeyValueOfstringanyType>
      <Key>Type</Key>
      <Value i:type="a:string" xmlns:a="http://www.w3.org/2001/XMLSchema">Patch</Value>
    </KeyValueOfstringanyType>
    <KeyValueOfstringanyType>
      <Key>Link</Key>
      <Value i:type="a:string" xmlns:a="http://www.w3.org/2001/XMLSchema">#</Value>
    </KeyValueOfstringanyType>
    <KeyValueOfstringanyType>
      <Key>File</Key>
      <Value i:type="a:string" xmlns:a="http://www.w3.org/2001/XMLSchema"/>
    </KeyValueOfstringanyType>
    <KeyValueOfstringanyType>
      <Key>Published</Key>
      <Value i:type="a:boolean" xmlns:a="http://www.w3.org/2001/XMLSchema">true</Value>
    </KeyValueOfstringanyType>
    <KeyValueOfstringanyType>
      <Key>ParentFolder</Key>
      <Value i:nil="true"/>
    </KeyValueOfstringanyType>
    <KeyValueOfstringanyType>
      <Key>ParentUUID</Key>
      <Value i:nil="true"/>
    </KeyValueOfstringanyType>
    <KeyValueOfstringanyType>
      <Key>UserId</Key>
      <Value i:type="a:string" xmlns:a="http://www.w3.org/2001/XMLSchema">admin</Value>
    </KeyValueOfstringanyType>
    <KeyValueOfstringanyType>
      <Key>Sequence</Key>
      <Value i:type="a:int" xmlns:a="http://www.w3.org/2001/XMLSchema">3</Value>
    </KeyValueOfstringanyType>
    <KeyValueOfstringanyType>
      <Key>___EnableVersion___</Key>
      <Value i:type="a:boolean" xmlns:a="http://www.w3.org/2001/XMLSchema">true</Value>
    </KeyValueOfstringanyType>
  </ArrayOfKeyValueOfstringanyType>
  <ArrayOfKeyValueOfstringanyType>
    <KeyValueOfstringanyType>
      <Key>UserKey</Key>
      <Value i:type="a:string" xmlns:a="http://www.w3.org/2001/XMLSchema">AhnLab-V3Net-for-Windows-Server-7-0</Value>
    </KeyValueOfstringanyType>
    <KeyValueOfstringanyType>
      <Key>Id</Key>
      <Value i:type="a:string" xmlns:a="http://www.w3.org/2001/XMLSchema"/>
    </KeyValueOfstringanyType>
    <KeyValueOfstringanyType>
      <Key>UtcCreationDate</Key>
      <Value i:type="a:dateTime" xmlns:a="http://www.w3.org/2001/XMLSchema">2016-03-10T01:02:08.7240733+07:00</Value>
    </KeyValueOfstringanyType>
    <KeyValueOfstringanyType>
      <Key>UtcLastModificationDate</Key>
      <Value i:type="a:dateTime" xmlns:a="http://www.w3.org/2001/XMLSchema">2016-03-10T15:46:27.6876841+07:00</Value>
    </KeyValueOfstringanyType>
    <KeyValueOfstringanyType>
      <Key>UUID</Key>
      <Value i:type="a:string" xmlns:a="http://www.w3.org/2001/XMLSchema">SU324PR3NPP285T2</Value>
    </KeyValueOfstringanyType>
    <KeyValueOfstringanyType>
      <Key>Repository</Key>
      <Value i:type="a:string" xmlns:a="http://www.w3.org/2001/XMLSchema">Ahnlab</Value>
    </KeyValueOfstringanyType>
    <KeyValueOfstringanyType>
      <Key>FolderName</Key>
      <Value i:type="a:string" xmlns:a="http://www.w3.org/2001/XMLSchema">Download~Engine</Value>
    </KeyValueOfstringanyType>
    <KeyValueOfstringanyType>
      <Key>SchemaName</Key>
      <Value i:type="a:string" xmlns:a="http://www.w3.org/2001/XMLSchema">Engine</Value>
    </KeyValueOfstringanyType>
    <KeyValueOfstringanyType>
      <Key>Product</Key>
      <Value i:type="a:string" xmlns:a="http://www.w3.org/2001/XMLSchema">AhnLab V3Net for Windows Server 7.0</Value>
    </KeyValueOfstringanyType>
    <KeyValueOfstringanyType>
      <Key>Type</Key>
      <Value i:type="a:string" xmlns:a="http://www.w3.org/2001/XMLSchema">Patch</Value>
    </KeyValueOfstringanyType>
    <KeyValueOfstringanyType>
      <Key>Link</Key>
      <Value i:type="a:string" xmlns:a="http://www.w3.org/2001/XMLSchema">#</Value>
    </KeyValueOfstringanyType>
    <KeyValueOfstringanyType>
      <Key>File</Key>
      <Value i:type="a:string" xmlns:a="http://www.w3.org/2001/XMLSchema"/>
    </KeyValueOfstringanyType>
    <KeyValueOfstringanyType>
      <Key>Published</Key>
      <Value i:type="a:boolean" xmlns:a="http://www.w3.org/2001/XMLSchema">true</Value>
    </KeyValueOfstringanyType>
    <KeyValueOfstringanyType>
      <Key>ParentFolder</Key>
      <Value i:nil="true"/>
    </KeyValueOfstringanyType>
    <KeyValueOfstringanyType>
      <Key>ParentUUID</Key>
      <Value i:nil="true"/>
    </KeyValueOfstringanyType>
    <KeyValueOfstringanyType>
      <Key>UserId</Key>
      <Value i:type="a:string" xmlns:a="http://www.w3.org/2001/XMLSchema">admin</Value>
    </KeyValueOfstringanyType>
    <KeyValueOfstringanyType>
      <Key>Sequence</Key>
      <Value i:type="a:int" xmlns:a="http://www.w3.org/2001/XMLSchema">4</Value>
    </KeyValueOfstringanyType>
    <KeyValueOfstringanyType>
      <Key>___EnableVersion___</Key>
      <Value i:type="a:boolean" xmlns:a="http://www.w3.org/2001/XMLSchema">true</Value>
    </KeyValueOfstringanyType>
  </ArrayOfKeyValueOfstringanyType>
  <ArrayOfKeyValueOfstringanyType>
    <KeyValueOfstringanyType>
      <Key>UserKey</Key>
      <Value i:type="a:string" xmlns:a="http://www.w3.org/2001/XMLSchema">All-V3-Products-</Value>
    </KeyValueOfstringanyType>
    <KeyValueOfstringanyType>
      <Key>Id</Key>
      <Value i:type="a:string" xmlns:a="http://www.w3.org/2001/XMLSchema"/>
    </KeyValueOfstringanyType>
    <KeyValueOfstringanyType>
      <Key>UtcCreationDate</Key>
      <Value i:type="a:dateTime" xmlns:a="http://www.w3.org/2001/XMLSchema">2016-03-10T01:02:36.6860654+07:00</Value>
    </KeyValueOfstringanyType>
    <KeyValueOfstringanyType>
      <Key>UtcLastModificationDate</Key>
      <Value i:type="a:dateTime" xmlns:a="http://www.w3.org/2001/XMLSchema">2016-03-10T15:46:18.263665+07:00</Value>
    </KeyValueOfstringanyType>
    <KeyValueOfstringanyType>
      <Key>UUID</Key>
      <Value i:type="a:string" xmlns:a="http://www.w3.org/2001/XMLSchema">5PP2EQEGTHT2R78C</Value>
    </KeyValueOfstringanyType>
    <KeyValueOfstringanyType>
      <Key>Repository</Key>
      <Value i:type="a:string" xmlns:a="http://www.w3.org/2001/XMLSchema">Ahnlab</Value>
    </KeyValueOfstringanyType>
    <KeyValueOfstringanyType>
      <Key>FolderName</Key>
      <Value i:type="a:string" xmlns:a="http://www.w3.org/2001/XMLSchema">Download~Engine</Value>
    </KeyValueOfstringanyType>
    <KeyValueOfstringanyType>
      <Key>SchemaName</Key>
      <Value i:type="a:string" xmlns:a="http://www.w3.org/2001/XMLSchema">Engine</Value>
    </KeyValueOfstringanyType>
    <KeyValueOfstringanyType>
      <Key>Product</Key>
      <Value i:type="a:string" xmlns:a="http://www.w3.org/2001/XMLSchema">All V3 Products </Value>
    </KeyValueOfstringanyType>
    <KeyValueOfstringanyType>
      <Key>Type</Key>
      <Value i:type="a:string" xmlns:a="http://www.w3.org/2001/XMLSchema">Engine</Value>
    </KeyValueOfstringanyType>
    <KeyValueOfstringanyType>
      <Key>Link</Key>
      <Value i:type="a:string" xmlns:a="http://www.w3.org/2001/XMLSchema">#</Value>
    </KeyValueOfstringanyType>
    <KeyValueOfstringanyType>
      <Key>File</Key>
      <Value i:type="a:string" xmlns:a="http://www.w3.org/2001/XMLSchema"/>
    </KeyValueOfstringanyType>
    <KeyValueOfstringanyType>
      <Key>Published</Key>
      <Value i:type="a:boolean" xmlns:a="http://www.w3.org/2001/XMLSchema">true</Value>
    </KeyValueOfstringanyType>
    <KeyValueOfstringanyType>
      <Key>ParentFolder</Key>
      <Value i:nil="true"/>
    </KeyValueOfstringanyType>
    <KeyValueOfstringanyType>
      <Key>ParentUUID</Key>
      <Value i:nil="true"/>
    </KeyValueOfstringanyType>
    <KeyValueOfstringanyType>
      <Key>UserId</Key>
      <Value i:type="a:string" xmlns:a="http://www.w3.org/2001/XMLSchema">admin</Value>
    </KeyValueOfstringanyType>
    <KeyValueOfstringanyType>
      <Key>Sequence</Key>
      <Value i:type="a:int" xmlns:a="http://www.w3.org/2001/XMLSchema">5</Value>
    </KeyValueOfstringanyType>
    <KeyValueOfstringanyType>
      <Key>___EnableVersion___</Key>
      <Value i:type="a:boolean" xmlns:a="http://www.w3.org/2001/XMLSchema">true</Value>
    </KeyValueOfstringanyType>
  </ArrayOfKeyValueOfstringanyType>
  <ArrayOfKeyValueOfstringanyType>
    <KeyValueOfstringanyType>
      <Key>UserKey</Key>
      <Value i:type="a:string" xmlns:a="http://www.w3.org/2001/XMLSchema">APC-3-0</Value>
    </KeyValueOfstringanyType>
    <KeyValueOfstringanyType>
      <Key>Id</Key>
      <Value i:type="a:string" xmlns:a="http://www.w3.org/2001/XMLSchema"/>
    </KeyValueOfstringanyType>
    <KeyValueOfstringanyType>
      <Key>UtcCreationDate</Key>
      <Value i:type="a:dateTime" xmlns:a="http://www.w3.org/2001/XMLSchema">2016-03-10T01:03:11.6237935+07:00</Value>
    </KeyValueOfstringanyType>
    <KeyValueOfstringanyType>
      <Key>UtcLastModificationDate</Key>
      <Value i:type="a:dateTime" xmlns:a="http://www.w3.org/2001/XMLSchema">2016-03-10T15:46:06.3260871+07:00</Value>
    </KeyValueOfstringanyType>
    <KeyValueOfstringanyType>
      <Key>UUID</Key>
      <Value i:type="a:string" xmlns:a="http://www.w3.org/2001/XMLSchema">Q5GJTWGZD5XYXBRU</Value>
    </KeyValueOfstringanyType>
    <KeyValueOfstringanyType>
      <Key>Repository</Key>
      <Value i:type="a:string" xmlns:a="http://www.w3.org/2001/XMLSchema">Ahnlab</Value>
    </KeyValueOfstringanyType>
    <KeyValueOfstringanyType>
      <Key>FolderName</Key>
      <Value i:type="a:string" xmlns:a="http://www.w3.org/2001/XMLSchema">Download~Engine</Value>
    </KeyValueOfstringanyType>
    <KeyValueOfstringanyType>
      <Key>SchemaName</Key>
      <Value i:type="a:string" xmlns:a="http://www.w3.org/2001/XMLSchema">Engine</Value>
    </KeyValueOfstringanyType>
    <KeyValueOfstringanyType>
      <Key>Product</Key>
      <Value i:type="a:string" xmlns:a="http://www.w3.org/2001/XMLSchema">APC 3.0</Value>
    </KeyValueOfstringanyType>
    <KeyValueOfstringanyType>
      <Key>Type</Key>
      <Value i:type="a:string" xmlns:a="http://www.w3.org/2001/XMLSchema">Patch</Value>
    </KeyValueOfstringanyType>
    <KeyValueOfstringanyType>
      <Key>Link</Key>
      <Value i:type="a:string" xmlns:a="http://www.w3.org/2001/XMLSchema">#</Value>
    </KeyValueOfstringanyType>
    <KeyValueOfstringanyType>
      <Key>File</Key>
      <Value i:type="a:string" xmlns:a="http://www.w3.org/2001/XMLSchema"/>
    </KeyValueOfstringanyType>
    <KeyValueOfstringanyType>
      <Key>Published</Key>
      <Value i:type="a:boolean" xmlns:a="http://www.w3.org/2001/XMLSchema">true</Value>
    </KeyValueOfstringanyType>
    <KeyValueOfstringanyType>
      <Key>ParentFolder</Key>
      <Value i:nil="true"/>
    </KeyValueOfstringanyType>
    <KeyValueOfstringanyType>
      <Key>ParentUUID</Key>
      <Value i:nil="true"/>
    </KeyValueOfstringanyType>
    <KeyValueOfstringanyType>
      <Key>UserId</Key>
      <Value i:type="a:string" xmlns:a="http://www.w3.org/2001/XMLSchema">admin</Value>
    </KeyValueOfstringanyType>
    <KeyValueOfstringanyType>
      <Key>Sequence</Key>
      <Value i:type="a:int" xmlns:a="http://www.w3.org/2001/XMLSchema">6</Value>
    </KeyValueOfstringanyType>
    <KeyValueOfstringanyType>
      <Key>___EnableVersion___</Key>
      <Value i:type="a:boolean" xmlns:a="http://www.w3.org/2001/XMLSchema">true</Value>
    </KeyValueOfstringanyType>
  </ArrayOfKeyValueOfstringanyType>
  <ArrayOfKeyValueOfstringanyType>
    <KeyValueOfstringanyType>
      <Key>UserKey</Key>
      <Value i:type="a:string" xmlns:a="http://www.w3.org/2001/XMLSchema">AhnLab-V3-Internet-Security-8-0-</Value>
    </KeyValueOfstringanyType>
    <KeyValueOfstringanyType>
      <Key>Id</Key>
      <Value i:type="a:string" xmlns:a="http://www.w3.org/2001/XMLSchema"/>
    </KeyValueOfstringanyType>
    <KeyValueOfstringanyType>
      <Key>UtcCreationDate</Key>
      <Value i:type="a:dateTime" xmlns:a="http://www.w3.org/2001/XMLSchema">2016-03-10T01:03:37.9753662+07:00</Value>
    </KeyValueOfstringanyType>
    <KeyValueOfstringanyType>
      <Key>UtcLastModificationDate</Key>
      <Value i:type="a:dateTime" xmlns:a="http://www.w3.org/2001/XMLSchema">2016-03-10T15:45:56.4348731+07:00</Value>
    </KeyValueOfstringanyType>
    <KeyValueOfstringanyType>
      <Key>UUID</Key>
      <Value i:type="a:string" xmlns:a="http://www.w3.org/2001/XMLSchema">QQKJK3APYC3ZQLVX</Value>
    </KeyValueOfstringanyType>
    <KeyValueOfstringanyType>
      <Key>Repository</Key>
      <Value i:type="a:string" xmlns:a="http://www.w3.org/2001/XMLSchema">Ahnlab</Value>
    </KeyValueOfstringanyType>
    <KeyValueOfstringanyType>
      <Key>FolderName</Key>
      <Value i:type="a:string" xmlns:a="http://www.w3.org/2001/XMLSchema">Download~Engine</Value>
    </KeyValueOfstringanyType>
    <KeyValueOfstringanyType>
      <Key>SchemaName</Key>
      <Value i:type="a:string" xmlns:a="http://www.w3.org/2001/XMLSchema">Engine</Value>
    </KeyValueOfstringanyType>
    <KeyValueOfstringanyType>
      <Key>Product</Key>
      <Value i:type="a:string" xmlns:a="http://www.w3.org/2001/XMLSchema">AhnLab V3 Internet Security 8.0 </Value>
    </KeyValueOfstringanyType>
    <KeyValueOfstringanyType>
      <Key>Type</Key>
      <Value i:type="a:string" xmlns:a="http://www.w3.org/2001/XMLSchema">Patch</Value>
    </KeyValueOfstringanyType>
    <KeyValueOfstringanyType>
      <Key>Link</Key>
      <Value i:type="a:string" xmlns:a="http://www.w3.org/2001/XMLSchema">#</Value>
    </KeyValueOfstringanyType>
    <KeyValueOfstringanyType>
      <Key>File</Key>
      <Value i:type="a:string" xmlns:a="http://www.w3.org/2001/XMLSchema"/>
    </KeyValueOfstringanyType>
    <KeyValueOfstringanyType>
      <Key>Published</Key>
      <Value i:type="a:boolean" xmlns:a="http://www.w3.org/2001/XMLSchema">true</Value>
    </KeyValueOfstringanyType>
    <KeyValueOfstringanyType>
      <Key>ParentFolder</Key>
      <Value i:nil="true"/>
    </KeyValueOfstringanyType>
    <KeyValueOfstringanyType>
      <Key>ParentUUID</Key>
      <Value i:nil="true"/>
    </KeyValueOfstringanyType>
    <KeyValueOfstringanyType>
      <Key>UserId</Key>
      <Value i:type="a:string" xmlns:a="http://www.w3.org/2001/XMLSchema">admin</Value>
    </KeyValueOfstringanyType>
    <KeyValueOfstringanyType>
      <Key>Sequence</Key>
      <Value i:type="a:int" xmlns:a="http://www.w3.org/2001/XMLSchema">7</Value>
    </KeyValueOfstringanyType>
    <KeyValueOfstringanyType>
      <Key>___EnableVersion___</Key>
      <Value i:type="a:boolean" xmlns:a="http://www.w3.org/2001/XMLSchema">true</Value>
    </KeyValueOfstringanyType>
  </ArrayOfKeyValueOfstringanyType>
  <ArrayOfKeyValueOfstringanyType>
    <KeyValueOfstringanyType>
      <Key>UserKey</Key>
      <Value i:type="a:string" xmlns:a="http://www.w3.org/2001/XMLSchema">Smart-Update-Utility-</Value>
    </KeyValueOfstringanyType>
    <KeyValueOfstringanyType>
      <Key>Id</Key>
      <Value i:type="a:string" xmlns:a="http://www.w3.org/2001/XMLSchema"/>
    </KeyValueOfstringanyType>
    <KeyValueOfstringanyType>
      <Key>UtcCreationDate</Key>
      <Value i:type="a:dateTime" xmlns:a="http://www.w3.org/2001/XMLSchema">2016-03-10T01:04:02.7244304+07:00</Value>
    </KeyValueOfstringanyType>
    <KeyValueOfstringanyType>
      <Key>UtcLastModificationDate</Key>
      <Value i:type="a:dateTime" xmlns:a="http://www.w3.org/2001/XMLSchema">2016-03-10T15:45:45.4008978+07:00</Value>
    </KeyValueOfstringanyType>
    <KeyValueOfstringanyType>
      <Key>UUID</Key>
      <Value i:type="a:string" xmlns:a="http://www.w3.org/2001/XMLSchema">48Y26K6A22TR6673</Value>
    </KeyValueOfstringanyType>
    <KeyValueOfstringanyType>
      <Key>Repository</Key>
      <Value i:type="a:string" xmlns:a="http://www.w3.org/2001/XMLSchema">Ahnlab</Value>
    </KeyValueOfstringanyType>
    <KeyValueOfstringanyType>
      <Key>FolderName</Key>
      <Value i:type="a:string" xmlns:a="http://www.w3.org/2001/XMLSchema">Download~Engine</Value>
    </KeyValueOfstringanyType>
    <KeyValueOfstringanyType>
      <Key>SchemaName</Key>
      <Value i:type="a:string" xmlns:a="http://www.w3.org/2001/XMLSchema">Engine</Value>
    </KeyValueOfstringanyType>
    <KeyValueOfstringanyType>
      <Key>Product</Key>
      <Value i:type="a:string" xmlns:a="http://www.w3.org/2001/XMLSchema">Smart Update Utility </Value>
    </KeyValueOfstringanyType>
    <KeyValueOfstringanyType>
      <Key>Type</Key>
      <Value i:type="a:string" xmlns:a="http://www.w3.org/2001/XMLSchema">Patch</Value>
    </KeyValueOfstringanyType>
    <KeyValueOfstringanyType>
      <Key>Link</Key>
      <Value i:type="a:string" xmlns:a="http://www.w3.org/2001/XMLSchema">#</Value>
    </KeyValueOfstringanyType>
    <KeyValueOfstringanyType>
      <Key>File</Key>
      <Value i:type="a:string" xmlns:a="http://www.w3.org/2001/XMLSchema"/>
    </KeyValueOfstringanyType>
    <KeyValueOfstringanyType>
      <Key>Published</Key>
      <Value i:type="a:boolean" xmlns:a="http://www.w3.org/2001/XMLSchema">true</Value>
    </KeyValueOfstringanyType>
    <KeyValueOfstringanyType>
      <Key>ParentFolder</Key>
      <Value i:nil="true"/>
    </KeyValueOfstringanyType>
    <KeyValueOfstringanyType>
      <Key>ParentUUID</Key>
      <Value i:nil="true"/>
    </KeyValueOfstringanyType>
    <KeyValueOfstringanyType>
      <Key>UserId</Key>
      <Value i:type="a:string" xmlns:a="http://www.w3.org/2001/XMLSchema">admin</Value>
    </KeyValueOfstringanyType>
    <KeyValueOfstringanyType>
      <Key>Sequence</Key>
      <Value i:type="a:int" xmlns:a="http://www.w3.org/2001/XMLSchema">8</Value>
    </KeyValueOfstringanyType>
    <KeyValueOfstringanyType>
      <Key>___EnableVersion___</Key>
      <Value i:type="a:boolean" xmlns:a="http://www.w3.org/2001/XMLSchema">true</Value>
    </KeyValueOfstringanyType>
  </ArrayOfKeyValueOfstringanyType>
</ArrayOfArrayOfKeyValueOfstringanyType>