<ArrayOfArrayOfKeyValueOfstringanyType xmlns="http://schemas.microsoft.com/2003/10/Serialization/Arrays" xmlns:i="http://www.w3.org/2001/XMLSchema-instance"><ArrayOfKeyValueOfstringanyType><KeyValueOfstringanyType><Key>UserKey</Key><Value i:type="a:string" xmlns:a="http://www.w3.org/2001/XMLSchema">RSA-Conference-Asia-Pacific-Japan-2015</Value></KeyValueOfstringanyType><KeyValueOfstringanyType><Key>Id</Key><Value i:type="a:string" xmlns:a="http://www.w3.org/2001/XMLSchema"/></KeyValueOfstringanyType><KeyValueOfstringanyType><Key>UtcCreationDate</Key><Value i:type="a:dateTime" xmlns:a="http://www.w3.org/2001/XMLSchema">2016-03-13T17:03:58.4320215+07:00</Value></KeyValueOfstringanyType><KeyValueOfstringanyType><Key>UtcLastModificationDate</Key><Value i:type="a:dateTime" xmlns:a="http://www.w3.org/2001/XMLSchema">2016-03-13T17:06:59.7394267+07:00</Value></KeyValueOfstringanyType><KeyValueOfstringanyType><Key>UUID</Key><Value i:type="a:string" xmlns:a="http://www.w3.org/2001/XMLSchema">EZS2DDD4YJJPSJDA</Value></KeyValueOfstringanyType><KeyValueOfstringanyType><Key>Repository</Key><Value i:type="a:string" xmlns:a="http://www.w3.org/2001/XMLSchema">Ahnlab</Value></KeyValueOfstringanyType><KeyValueOfstringanyType><Key>FolderName</Key><Value i:type="a:string" xmlns:a="http://www.w3.org/2001/XMLSchema">About~Event</Value></KeyValueOfstringanyType><KeyValueOfstringanyType><Key>SchemaName</Key><Value i:type="a:string" xmlns:a="http://www.w3.org/2001/XMLSchema">Event</Value></KeyValueOfstringanyType><KeyValueOfstringanyType><Key>Title</Key><Value i:type="a:string" xmlns:a="http://www.w3.org/2001/XMLSchema">RSA Conference Asia Pacific &amp; Japan 2015</Value></KeyValueOfstringanyType><KeyValueOfstringanyType><Key>Url</Key><Value i:type="a:string" xmlns:a="http://www.w3.org/2001/XMLSchema">http://www.rsaconference.com/events/ap15</Value></KeyValueOfstringanyType><KeyValueOfstringanyType><Key>Thumbnail</Key><Value i:type="a:string" xmlns:a="http://www.w3.org/2001/XMLSchema">/Cms_Data/Contents/Ahnlab/Media/Event/1506043802084454.jpg</Value></KeyValueOfstringanyType><KeyValueOfstringanyType><Key>Location</Key><Value i:type="a:string" xmlns:a="http://www.w3.org/2001/XMLSchema">Marina Bay Sands, Singapore</Value></KeyValueOfstringanyType><KeyValueOfstringanyType><Key>Summary</Key><Value i:type="a:string" xmlns:a="http://www.w3.org/2001/XMLSchema">RSA Conference is helping drive the information security agenda worldwide with annual industry events in the U.S., Europe and Asia. Throughout its history, RSA Conference has consistently attracted the world's best and brightest in the field, creating opportunities for conference attendees to learn about IT security's most important issues through first-hand interactions with peers, luminaries and emerging and established companies. As the IT security field continues to grow in importance and influence, RSA Conference plays an integral role in keeping security professionals across the globe connected and educated.​</Value></KeyValueOfstringanyType><KeyValueOfstringanyType><Key>Published</Key><Value i:type="a:boolean" xmlns:a="http://www.w3.org/2001/XMLSchema">true</Value></KeyValueOfstringanyType><KeyValueOfstringanyType><Key>ParentFolder</Key><Value i:nil="true"/></KeyValueOfstringanyType><KeyValueOfstringanyType><Key>ParentUUID</Key><Value i:nil="true"/></KeyValueOfstringanyType><KeyValueOfstringanyType><Key>UserId</Key><Value i:type="a:string" xmlns:a="http://www.w3.org/2001/XMLSchema">admin</Value></KeyValueOfstringanyType><KeyValueOfstringanyType><Key>Sequence</Key><Value i:type="a:int" xmlns:a="http://www.w3.org/2001/XMLSchema">1</Value></KeyValueOfstringanyType><KeyValueOfstringanyType><Key>FromDate</Key><Value i:type="a:dateTime" xmlns:a="http://www.w3.org/2001/XMLSchema">2015-07-22T00:00:00+07:00</Value></KeyValueOfstringanyType><KeyValueOfstringanyType><Key>ToDate</Key><Value i:type="a:dateTime" xmlns:a="http://www.w3.org/2001/XMLSchema">2015-07-24T00:00:00+07:00</Value></KeyValueOfstringanyType><KeyValueOfstringanyType><Key>___EnableVersion___</Key><Value i:type="a:boolean" xmlns:a="http://www.w3.org/2001/XMLSchema">true</Value></KeyValueOfstringanyType></ArrayOfKeyValueOfstringanyType><ArrayOfKeyValueOfstringanyType><KeyValueOfstringanyType><Key>UserKey</Key><Value i:type="a:string" xmlns:a="http://www.w3.org/2001/XMLSchema">Gartner-Security-Risk-Management-Summit-2015</Value></KeyValueOfstringanyType><KeyValueOfstringanyType><Key>Id</Key><Value i:type="a:string" xmlns:a="http://www.w3.org/2001/XMLSchema"/></KeyValueOfstringanyType><KeyValueOfstringanyType><Key>UtcCreationDate</Key><Value i:type="a:dateTime" xmlns:a="http://www.w3.org/2001/XMLSchema">2016-03-13T10:08:44.7644603Z</Value></KeyValueOfstringanyType><KeyValueOfstringanyType><Key>UtcLastModificationDate</Key><Value i:type="a:dateTime" xmlns:a="http://www.w3.org/2001/XMLSchema">2016-03-13T10:08:44.7644603Z</Value></KeyValueOfstringanyType><KeyValueOfstringanyType><Key>UUID</Key><Value i:type="a:string" xmlns:a="http://www.w3.org/2001/XMLSchema">4XQ2T44JPZUCLFSE</Value></KeyValueOfstringanyType><KeyValueOfstringanyType><Key>Repository</Key><Value i:type="a:string" xmlns:a="http://www.w3.org/2001/XMLSchema">Ahnlab</Value></KeyValueOfstringanyType><KeyValueOfstringanyType><Key>FolderName</Key><Value i:type="a:string" xmlns:a="http://www.w3.org/2001/XMLSchema">About~Event</Value></KeyValueOfstringanyType><KeyValueOfstringanyType><Key>SchemaName</Key><Value i:type="a:string" xmlns:a="http://www.w3.org/2001/XMLSchema">Event</Value></KeyValueOfstringanyType><KeyValueOfstringanyType><Key>Title</Key><Value i:type="a:string" xmlns:a="http://www.w3.org/2001/XMLSchema">Gartner Security &amp; Risk Management Summit 2015</Value></KeyValueOfstringanyType><KeyValueOfstringanyType><Key>Url</Key><Value i:type="a:string" xmlns:a="http://www.w3.org/2001/XMLSchema">http://www.gartner.com/events/na/security</Value></KeyValueOfstringanyType><KeyValueOfstringanyType><Key>Thumbnail</Key><Value i:type="a:string" xmlns:a="http://www.w3.org/2001/XMLSchema">/Cms_Data/Contents/Ahnlab/Media/Event/1412014150584495.jpg</Value></KeyValueOfstringanyType><KeyValueOfstringanyType><Key>FromDate</Key><Value i:type="a:dateTime" xmlns:a="http://www.w3.org/2001/XMLSchema">2015-06-07T17:00:00Z</Value></KeyValueOfstringanyType><KeyValueOfstringanyType><Key>ToDate</Key><Value i:type="a:dateTime" xmlns:a="http://www.w3.org/2001/XMLSchema">2015-06-10T17:00:00Z</Value></KeyValueOfstringanyType><KeyValueOfstringanyType><Key>Location</Key><Value i:type="a:string" xmlns:a="http://www.w3.org/2001/XMLSchema">National Harbor, MD, Washington, D.C</Value></KeyValueOfstringanyType><KeyValueOfstringanyType><Key>Summary</Key><Value i:type="a:string" xmlns:a="http://www.w3.org/2001/XMLSchema">Gartner Security &amp; Risk Management Summit 2015 helps you validate your security and risk management strategy, so you can see what needs to be improved, kept the same, or changed in your approach for a clear vision into the future. Don't let your organization remain vulnerable to attacks. Join us this year so you can become a more successful security and risk leader, and guide the enterprise quest for balance between security risk mitigation. </Value></KeyValueOfstringanyType><KeyValueOfstringanyType><Key>Published</Key><Value i:type="a:boolean" xmlns:a="http://www.w3.org/2001/XMLSchema">true</Value></KeyValueOfstringanyType><KeyValueOfstringanyType><Key>ParentFolder</Key><Value i:nil="true"/></KeyValueOfstringanyType><KeyValueOfstringanyType><Key>ParentUUID</Key><Value i:nil="true"/></KeyValueOfstringanyType><KeyValueOfstringanyType><Key>UserId</Key><Value i:type="a:string" xmlns:a="http://www.w3.org/2001/XMLSchema">admin</Value></KeyValueOfstringanyType><KeyValueOfstringanyType><Key>Sequence</Key><Value i:type="a:int" xmlns:a="http://www.w3.org/2001/XMLSchema">2</Value></KeyValueOfstringanyType></ArrayOfKeyValueOfstringanyType></ArrayOfArrayOfKeyValueOfstringanyType>