<ArrayOfArrayOfKeyValueOfstringanyType xmlns="http://schemas.microsoft.com/2003/10/Serialization/Arrays" xmlns:i="http://www.w3.org/2001/XMLSchema-instance">
  <ArrayOfKeyValueOfstringanyType>
    <KeyValueOfstringanyType>
      <Key>UserKey</Key>
      <Value i:type="a:string" xmlns:a="http://www.w3.org/2001/XMLSchema">V3-Halcbot-Bootkit-Removal-Tool-</Value>
    </KeyValueOfstringanyType>
    <KeyValueOfstringanyType>
      <Key>Id</Key>
      <Value i:type="a:string" xmlns:a="http://www.w3.org/2001/XMLSchema"/>
    </KeyValueOfstringanyType>
    <KeyValueOfstringanyType>
      <Key>UtcCreationDate</Key>
      <Value i:type="a:dateTime" xmlns:a="http://www.w3.org/2001/XMLSchema">2016-03-11T21:01:08.0869347+07:00</Value>
    </KeyValueOfstringanyType>
    <KeyValueOfstringanyType>
      <Key>UtcLastModificationDate</Key>
      <Value i:type="a:dateTime" xmlns:a="http://www.w3.org/2001/XMLSchema">2016-03-11T21:01:08.0869347+07:00</Value>
    </KeyValueOfstringanyType>
    <KeyValueOfstringanyType>
      <Key>UUID</Key>
      <Value i:type="a:string" xmlns:a="http://www.w3.org/2001/XMLSchema">Q7P2YQXDSTGJK67C</Value>
    </KeyValueOfstringanyType>
    <KeyValueOfstringanyType>
      <Key>Repository</Key>
      <Value i:type="a:string" xmlns:a="http://www.w3.org/2001/XMLSchema">Ahnlab</Value>
    </KeyValueOfstringanyType>
    <KeyValueOfstringanyType>
      <Key>FolderName</Key>
      <Value i:type="a:string" xmlns:a="http://www.w3.org/2001/XMLSchema">Download~RemovalTool</Value>
    </KeyValueOfstringanyType>
    <KeyValueOfstringanyType>
      <Key>SchemaName</Key>
      <Value i:type="a:string" xmlns:a="http://www.w3.org/2001/XMLSchema">RemovalTool</Value>
    </KeyValueOfstringanyType>
    <KeyValueOfstringanyType>
      <Key>Name</Key>
      <Value i:type="a:string" xmlns:a="http://www.w3.org/2001/XMLSchema">V3 Halcbot Bootkit Removal Tool. </Value>
    </KeyValueOfstringanyType>
    <KeyValueOfstringanyType>
      <Key>File</Key>
      <Value i:type="a:string" xmlns:a="http://www.w3.org/2001/XMLSchema"/>
    </KeyValueOfstringanyType>
    <KeyValueOfstringanyType>
      <Key>Link</Key>
      <Value i:type="a:string" xmlns:a="http://www.w3.org/2001/XMLSchema">http://provide.ahnlab.com/vaccine/v3_halcbot.exe</Value>
    </KeyValueOfstringanyType>
    <KeyValueOfstringanyType>
      <Key>Published</Key>
      <Value i:type="a:boolean" xmlns:a="http://www.w3.org/2001/XMLSchema">true</Value>
    </KeyValueOfstringanyType>
    <KeyValueOfstringanyType>
      <Key>ParentFolder</Key>
      <Value i:nil="true"/>
    </KeyValueOfstringanyType>
    <KeyValueOfstringanyType>
      <Key>ParentUUID</Key>
      <Value i:nil="true"/>
    </KeyValueOfstringanyType>
    <KeyValueOfstringanyType>
      <Key>UserId</Key>
      <Value i:type="a:string" xmlns:a="http://www.w3.org/2001/XMLSchema">admin</Value>
    </KeyValueOfstringanyType>
    <KeyValueOfstringanyType>
      <Key>Sequence</Key>
      <Value i:type="a:int" xmlns:a="http://www.w3.org/2001/XMLSchema">1</Value>
    </KeyValueOfstringanyType>
  </ArrayOfKeyValueOfstringanyType>
  <ArrayOfKeyValueOfstringanyType>
    <KeyValueOfstringanyType>
      <Key>UserKey</Key>
      <Value i:type="a:string" xmlns:a="http://www.w3.org/2001/XMLSchema">Userinit-Rootkit</Value>
    </KeyValueOfstringanyType>
    <KeyValueOfstringanyType>
      <Key>Id</Key>
      <Value i:type="a:string" xmlns:a="http://www.w3.org/2001/XMLSchema"/>
    </KeyValueOfstringanyType>
    <KeyValueOfstringanyType>
      <Key>UtcCreationDate</Key>
      <Value i:type="a:dateTime" xmlns:a="http://www.w3.org/2001/XMLSchema">2016-03-11T21:01:59.2933743+07:00</Value>
    </KeyValueOfstringanyType>
    <KeyValueOfstringanyType>
      <Key>UtcLastModificationDate</Key>
      <Value i:type="a:dateTime" xmlns:a="http://www.w3.org/2001/XMLSchema">2016-03-11T21:01:59.2933743+07:00</Value>
    </KeyValueOfstringanyType>
    <KeyValueOfstringanyType>
      <Key>UUID</Key>
      <Value i:type="a:string" xmlns:a="http://www.w3.org/2001/XMLSchema">6982VPDM7SBUTJAK</Value>
    </KeyValueOfstringanyType>
    <KeyValueOfstringanyType>
      <Key>Repository</Key>
      <Value i:type="a:string" xmlns:a="http://www.w3.org/2001/XMLSchema">Ahnlab</Value>
    </KeyValueOfstringanyType>
    <KeyValueOfstringanyType>
      <Key>FolderName</Key>
      <Value i:type="a:string" xmlns:a="http://www.w3.org/2001/XMLSchema">Download~RemovalTool</Value>
    </KeyValueOfstringanyType>
    <KeyValueOfstringanyType>
      <Key>SchemaName</Key>
      <Value i:type="a:string" xmlns:a="http://www.w3.org/2001/XMLSchema">RemovalTool</Value>
    </KeyValueOfstringanyType>
    <KeyValueOfstringanyType>
      <Key>Name</Key>
      <Value i:type="a:string" xmlns:a="http://www.w3.org/2001/XMLSchema">Userinit Rootkit</Value>
    </KeyValueOfstringanyType>
    <KeyValueOfstringanyType>
      <Key>File</Key>
      <Value i:type="a:string" xmlns:a="http://www.w3.org/2001/XMLSchema"/>
    </KeyValueOfstringanyType>
    <KeyValueOfstringanyType>
      <Key>Link</Key>
      <Value i:type="a:string" xmlns:a="http://www.w3.org/2001/XMLSchema">http://provide.ahnlab.com/vaccine/v3removal_usrootkit.exe</Value>
    </KeyValueOfstringanyType>
    <KeyValueOfstringanyType>
      <Key>Published</Key>
      <Value i:type="a:boolean" xmlns:a="http://www.w3.org/2001/XMLSchema">true</Value>
    </KeyValueOfstringanyType>
    <KeyValueOfstringanyType>
      <Key>ParentFolder</Key>
      <Value i:nil="true"/>
    </KeyValueOfstringanyType>
    <KeyValueOfstringanyType>
      <Key>ParentUUID</Key>
      <Value i:nil="true"/>
    </KeyValueOfstringanyType>
    <KeyValueOfstringanyType>
      <Key>UserId</Key>
      <Value i:type="a:string" xmlns:a="http://www.w3.org/2001/XMLSchema">admin</Value>
    </KeyValueOfstringanyType>
    <KeyValueOfstringanyType>
      <Key>Sequence</Key>
      <Value i:type="a:int" xmlns:a="http://www.w3.org/2001/XMLSchema">2</Value>
    </KeyValueOfstringanyType>
  </ArrayOfKeyValueOfstringanyType>
  <ArrayOfKeyValueOfstringanyType>
    <KeyValueOfstringanyType>
      <Key>UserKey</Key>
      <Value i:type="a:string" xmlns:a="http://www.w3.org/2001/XMLSchema">Win32-Jadtre-E-</Value>
    </KeyValueOfstringanyType>
    <KeyValueOfstringanyType>
      <Key>Id</Key>
      <Value i:type="a:string" xmlns:a="http://www.w3.org/2001/XMLSchema"/>
    </KeyValueOfstringanyType>
    <KeyValueOfstringanyType>
      <Key>UtcCreationDate</Key>
      <Value i:type="a:dateTime" xmlns:a="http://www.w3.org/2001/XMLSchema">2016-03-11T21:02:28.8942003+07:00</Value>
    </KeyValueOfstringanyType>
    <KeyValueOfstringanyType>
      <Key>UtcLastModificationDate</Key>
      <Value i:type="a:dateTime" xmlns:a="http://www.w3.org/2001/XMLSchema">2016-03-11T21:02:28.8942003+07:00</Value>
    </KeyValueOfstringanyType>
    <KeyValueOfstringanyType>
      <Key>UUID</Key>
      <Value i:type="a:string" xmlns:a="http://www.w3.org/2001/XMLSchema">FZG2S5MS57KL42KK</Value>
    </KeyValueOfstringanyType>
    <KeyValueOfstringanyType>
      <Key>Repository</Key>
      <Value i:type="a:string" xmlns:a="http://www.w3.org/2001/XMLSchema">Ahnlab</Value>
    </KeyValueOfstringanyType>
    <KeyValueOfstringanyType>
      <Key>FolderName</Key>
      <Value i:type="a:string" xmlns:a="http://www.w3.org/2001/XMLSchema">Download~RemovalTool</Value>
    </KeyValueOfstringanyType>
    <KeyValueOfstringanyType>
      <Key>SchemaName</Key>
      <Value i:type="a:string" xmlns:a="http://www.w3.org/2001/XMLSchema">RemovalTool</Value>
    </KeyValueOfstringanyType>
    <KeyValueOfstringanyType>
      <Key>Name</Key>
      <Value i:type="a:string" xmlns:a="http://www.w3.org/2001/XMLSchema">Win32/Jadtre.E </Value>
    </KeyValueOfstringanyType>
    <KeyValueOfstringanyType>
      <Key>File</Key>
      <Value i:type="a:string" xmlns:a="http://www.w3.org/2001/XMLSchema"/>
    </KeyValueOfstringanyType>
    <KeyValueOfstringanyType>
      <Key>Link</Key>
      <Value i:type="a:string" xmlns:a="http://www.w3.org/2001/XMLSchema">http://provide.ahnlab.com/vaccine/v3_jadtre.com</Value>
    </KeyValueOfstringanyType>
    <KeyValueOfstringanyType>
      <Key>Published</Key>
      <Value i:type="a:boolean" xmlns:a="http://www.w3.org/2001/XMLSchema">true</Value>
    </KeyValueOfstringanyType>
    <KeyValueOfstringanyType>
      <Key>ParentFolder</Key>
      <Value i:nil="true"/>
    </KeyValueOfstringanyType>
    <KeyValueOfstringanyType>
      <Key>ParentUUID</Key>
      <Value i:nil="true"/>
    </KeyValueOfstringanyType>
    <KeyValueOfstringanyType>
      <Key>UserId</Key>
      <Value i:type="a:string" xmlns:a="http://www.w3.org/2001/XMLSchema">admin</Value>
    </KeyValueOfstringanyType>
    <KeyValueOfstringanyType>
      <Key>Sequence</Key>
      <Value i:type="a:int" xmlns:a="http://www.w3.org/2001/XMLSchema">3</Value>
    </KeyValueOfstringanyType>
  </ArrayOfKeyValueOfstringanyType>
  <ArrayOfKeyValueOfstringanyType>
    <KeyValueOfstringanyType>
      <Key>UserKey</Key>
      <Value i:type="a:string" xmlns:a="http://www.w3.org/2001/XMLSchema">Aduska-Bootkit-</Value>
    </KeyValueOfstringanyType>
    <KeyValueOfstringanyType>
      <Key>Id</Key>
      <Value i:type="a:string" xmlns:a="http://www.w3.org/2001/XMLSchema"/>
    </KeyValueOfstringanyType>
    <KeyValueOfstringanyType>
      <Key>UtcCreationDate</Key>
      <Value i:type="a:dateTime" xmlns:a="http://www.w3.org/2001/XMLSchema">2016-03-11T21:02:45.1858782+07:00</Value>
    </KeyValueOfstringanyType>
    <KeyValueOfstringanyType>
      <Key>UtcLastModificationDate</Key>
      <Value i:type="a:dateTime" xmlns:a="http://www.w3.org/2001/XMLSchema">2016-03-11T21:02:45.1858782+07:00</Value>
    </KeyValueOfstringanyType>
    <KeyValueOfstringanyType>
      <Key>UUID</Key>
      <Value i:type="a:string" xmlns:a="http://www.w3.org/2001/XMLSchema">7S62BU9PGP9N2SK8</Value>
    </KeyValueOfstringanyType>
    <KeyValueOfstringanyType>
      <Key>Repository</Key>
      <Value i:type="a:string" xmlns:a="http://www.w3.org/2001/XMLSchema">Ahnlab</Value>
    </KeyValueOfstringanyType>
    <KeyValueOfstringanyType>
      <Key>FolderName</Key>
      <Value i:type="a:string" xmlns:a="http://www.w3.org/2001/XMLSchema">Download~RemovalTool</Value>
    </KeyValueOfstringanyType>
    <KeyValueOfstringanyType>
      <Key>SchemaName</Key>
      <Value i:type="a:string" xmlns:a="http://www.w3.org/2001/XMLSchema">RemovalTool</Value>
    </KeyValueOfstringanyType>
    <KeyValueOfstringanyType>
      <Key>Name</Key>
      <Value i:type="a:string" xmlns:a="http://www.w3.org/2001/XMLSchema">Aduska Bootkit </Value>
    </KeyValueOfstringanyType>
    <KeyValueOfstringanyType>
      <Key>File</Key>
      <Value i:type="a:string" xmlns:a="http://www.w3.org/2001/XMLSchema"/>
    </KeyValueOfstringanyType>
    <KeyValueOfstringanyType>
      <Key>Link</Key>
      <Value i:type="a:string" xmlns:a="http://www.w3.org/2001/XMLSchema">http://provide.ahnlab.com/vaccine/v3_aduska.exe</Value>
    </KeyValueOfstringanyType>
    <KeyValueOfstringanyType>
      <Key>Published</Key>
      <Value i:type="a:boolean" xmlns:a="http://www.w3.org/2001/XMLSchema">true</Value>
    </KeyValueOfstringanyType>
    <KeyValueOfstringanyType>
      <Key>ParentFolder</Key>
      <Value i:nil="true"/>
    </KeyValueOfstringanyType>
    <KeyValueOfstringanyType>
      <Key>ParentUUID</Key>
      <Value i:nil="true"/>
    </KeyValueOfstringanyType>
    <KeyValueOfstringanyType>
      <Key>UserId</Key>
      <Value i:type="a:string" xmlns:a="http://www.w3.org/2001/XMLSchema">admin</Value>
    </KeyValueOfstringanyType>
    <KeyValueOfstringanyType>
      <Key>Sequence</Key>
      <Value i:type="a:int" xmlns:a="http://www.w3.org/2001/XMLSchema">4</Value>
    </KeyValueOfstringanyType>
  </ArrayOfKeyValueOfstringanyType>
  <ArrayOfKeyValueOfstringanyType>
    <KeyValueOfstringanyType>
      <Key>UserKey</Key>
      <Value i:type="a:string" xmlns:a="http://www.w3.org/2001/XMLSchema">V3-GamehackBTScanner</Value>
    </KeyValueOfstringanyType>
    <KeyValueOfstringanyType>
      <Key>Id</Key>
      <Value i:type="a:string" xmlns:a="http://www.w3.org/2001/XMLSchema"/>
    </KeyValueOfstringanyType>
    <KeyValueOfstringanyType>
      <Key>UtcCreationDate</Key>
      <Value i:type="a:dateTime" xmlns:a="http://www.w3.org/2001/XMLSchema">2016-03-11T21:03:03.1205933+07:00</Value>
    </KeyValueOfstringanyType>
    <KeyValueOfstringanyType>
      <Key>UtcLastModificationDate</Key>
      <Value i:type="a:dateTime" xmlns:a="http://www.w3.org/2001/XMLSchema">2016-03-11T21:03:03.1205933+07:00</Value>
    </KeyValueOfstringanyType>
    <KeyValueOfstringanyType>
      <Key>UUID</Key>
      <Value i:type="a:string" xmlns:a="http://www.w3.org/2001/XMLSchema">FYHJK7LKEZJ6LHAV</Value>
    </KeyValueOfstringanyType>
    <KeyValueOfstringanyType>
      <Key>Repository</Key>
      <Value i:type="a:string" xmlns:a="http://www.w3.org/2001/XMLSchema">Ahnlab</Value>
    </KeyValueOfstringanyType>
    <KeyValueOfstringanyType>
      <Key>FolderName</Key>
      <Value i:type="a:string" xmlns:a="http://www.w3.org/2001/XMLSchema">Download~RemovalTool</Value>
    </KeyValueOfstringanyType>
    <KeyValueOfstringanyType>
      <Key>SchemaName</Key>
      <Value i:type="a:string" xmlns:a="http://www.w3.org/2001/XMLSchema">RemovalTool</Value>
    </KeyValueOfstringanyType>
    <KeyValueOfstringanyType>
      <Key>Name</Key>
      <Value i:type="a:string" xmlns:a="http://www.w3.org/2001/XMLSchema">V3 GamehackBTScanner</Value>
    </KeyValueOfstringanyType>
    <KeyValueOfstringanyType>
      <Key>File</Key>
      <Value i:type="a:string" xmlns:a="http://www.w3.org/2001/XMLSchema"/>
    </KeyValueOfstringanyType>
    <KeyValueOfstringanyType>
      <Key>Link</Key>
      <Value i:type="a:string" xmlns:a="http://www.w3.org/2001/XMLSchema">http://provide.ahnlab.com/vaccine/v3_gamehackbtscanner.exe</Value>
    </KeyValueOfstringanyType>
    <KeyValueOfstringanyType>
      <Key>Published</Key>
      <Value i:type="a:boolean" xmlns:a="http://www.w3.org/2001/XMLSchema">true</Value>
    </KeyValueOfstringanyType>
    <KeyValueOfstringanyType>
      <Key>ParentFolder</Key>
      <Value i:nil="true"/>
    </KeyValueOfstringanyType>
    <KeyValueOfstringanyType>
      <Key>ParentUUID</Key>
      <Value i:nil="true"/>
    </KeyValueOfstringanyType>
    <KeyValueOfstringanyType>
      <Key>UserId</Key>
      <Value i:type="a:string" xmlns:a="http://www.w3.org/2001/XMLSchema">admin</Value>
    </KeyValueOfstringanyType>
    <KeyValueOfstringanyType>
      <Key>Sequence</Key>
      <Value i:type="a:int" xmlns:a="http://www.w3.org/2001/XMLSchema">5</Value>
    </KeyValueOfstringanyType>
  </ArrayOfKeyValueOfstringanyType>
  <ArrayOfKeyValueOfstringanyType>
    <KeyValueOfstringanyType>
      <Key>UserKey</Key>
      <Value i:type="a:string" xmlns:a="http://www.w3.org/2001/XMLSchema">Win-Trojan-Ddkr-3405824</Value>
    </KeyValueOfstringanyType>
    <KeyValueOfstringanyType>
      <Key>Id</Key>
      <Value i:type="a:string" xmlns:a="http://www.w3.org/2001/XMLSchema"/>
    </KeyValueOfstringanyType>
    <KeyValueOfstringanyType>
      <Key>UtcCreationDate</Key>
      <Value i:type="a:dateTime" xmlns:a="http://www.w3.org/2001/XMLSchema">2016-03-11T21:03:21.4567905+07:00</Value>
    </KeyValueOfstringanyType>
    <KeyValueOfstringanyType>
      <Key>UtcLastModificationDate</Key>
      <Value i:type="a:dateTime" xmlns:a="http://www.w3.org/2001/XMLSchema">2016-03-11T21:03:21.4567905+07:00</Value>
    </KeyValueOfstringanyType>
    <KeyValueOfstringanyType>
      <Key>UUID</Key>
      <Value i:type="a:string" xmlns:a="http://www.w3.org/2001/XMLSchema">HQXJVESAMGXWBNYY</Value>
    </KeyValueOfstringanyType>
    <KeyValueOfstringanyType>
      <Key>Repository</Key>
      <Value i:type="a:string" xmlns:a="http://www.w3.org/2001/XMLSchema">Ahnlab</Value>
    </KeyValueOfstringanyType>
    <KeyValueOfstringanyType>
      <Key>FolderName</Key>
      <Value i:type="a:string" xmlns:a="http://www.w3.org/2001/XMLSchema">Download~RemovalTool</Value>
    </KeyValueOfstringanyType>
    <KeyValueOfstringanyType>
      <Key>SchemaName</Key>
      <Value i:type="a:string" xmlns:a="http://www.w3.org/2001/XMLSchema">RemovalTool</Value>
    </KeyValueOfstringanyType>
    <KeyValueOfstringanyType>
      <Key>Name</Key>
      <Value i:type="a:string" xmlns:a="http://www.w3.org/2001/XMLSchema">Win-Trojan/Ddkr.3405824</Value>
    </KeyValueOfstringanyType>
    <KeyValueOfstringanyType>
      <Key>File</Key>
      <Value i:type="a:string" xmlns:a="http://www.w3.org/2001/XMLSchema"/>
    </KeyValueOfstringanyType>
    <KeyValueOfstringanyType>
      <Key>Link</Key>
      <Value i:type="a:string" xmlns:a="http://www.w3.org/2001/XMLSchema">http://provide.ahnlab.com/vaccine/v3_ddkr.exe</Value>
    </KeyValueOfstringanyType>
    <KeyValueOfstringanyType>
      <Key>Published</Key>
      <Value i:type="a:boolean" xmlns:a="http://www.w3.org/2001/XMLSchema">true</Value>
    </KeyValueOfstringanyType>
    <KeyValueOfstringanyType>
      <Key>ParentFolder</Key>
      <Value i:nil="true"/>
    </KeyValueOfstringanyType>
    <KeyValueOfstringanyType>
      <Key>ParentUUID</Key>
      <Value i:nil="true"/>
    </KeyValueOfstringanyType>
    <KeyValueOfstringanyType>
      <Key>UserId</Key>
      <Value i:type="a:string" xmlns:a="http://www.w3.org/2001/XMLSchema">admin</Value>
    </KeyValueOfstringanyType>
    <KeyValueOfstringanyType>
      <Key>Sequence</Key>
      <Value i:type="a:int" xmlns:a="http://www.w3.org/2001/XMLSchema">6</Value>
    </KeyValueOfstringanyType>
  </ArrayOfKeyValueOfstringanyType>
  <ArrayOfKeyValueOfstringanyType>
    <KeyValueOfstringanyType>
      <Key>UserKey</Key>
      <Value i:type="a:string" xmlns:a="http://www.w3.org/2001/XMLSchema">Win-Trojan-Smiscer</Value>
    </KeyValueOfstringanyType>
    <KeyValueOfstringanyType>
      <Key>Id</Key>
      <Value i:type="a:string" xmlns:a="http://www.w3.org/2001/XMLSchema"/>
    </KeyValueOfstringanyType>
    <KeyValueOfstringanyType>
      <Key>UtcCreationDate</Key>
      <Value i:type="a:dateTime" xmlns:a="http://www.w3.org/2001/XMLSchema">2016-03-11T21:03:38.4850764+07:00</Value>
    </KeyValueOfstringanyType>
    <KeyValueOfstringanyType>
      <Key>UtcLastModificationDate</Key>
      <Value i:type="a:dateTime" xmlns:a="http://www.w3.org/2001/XMLSchema">2016-03-11T21:03:38.4850764+07:00</Value>
    </KeyValueOfstringanyType>
    <KeyValueOfstringanyType>
      <Key>UUID</Key>
      <Value i:type="a:string" xmlns:a="http://www.w3.org/2001/XMLSchema">6ST25BBHLT5UNKDA</Value>
    </KeyValueOfstringanyType>
    <KeyValueOfstringanyType>
      <Key>Repository</Key>
      <Value i:type="a:string" xmlns:a="http://www.w3.org/2001/XMLSchema">Ahnlab</Value>
    </KeyValueOfstringanyType>
    <KeyValueOfstringanyType>
      <Key>FolderName</Key>
      <Value i:type="a:string" xmlns:a="http://www.w3.org/2001/XMLSchema">Download~RemovalTool</Value>
    </KeyValueOfstringanyType>
    <KeyValueOfstringanyType>
      <Key>SchemaName</Key>
      <Value i:type="a:string" xmlns:a="http://www.w3.org/2001/XMLSchema">RemovalTool</Value>
    </KeyValueOfstringanyType>
    <KeyValueOfstringanyType>
      <Key>Name</Key>
      <Value i:type="a:string" xmlns:a="http://www.w3.org/2001/XMLSchema">Win-Trojan/Smiscer</Value>
    </KeyValueOfstringanyType>
    <KeyValueOfstringanyType>
      <Key>File</Key>
      <Value i:type="a:string" xmlns:a="http://www.w3.org/2001/XMLSchema"/>
    </KeyValueOfstringanyType>
    <KeyValueOfstringanyType>
      <Key>Link</Key>
      <Value i:type="a:string" xmlns:a="http://www.w3.org/2001/XMLSchema">http://provide.ahnlab.com/vaccine/v3_smiscer.exe</Value>
    </KeyValueOfstringanyType>
    <KeyValueOfstringanyType>
      <Key>Published</Key>
      <Value i:type="a:boolean" xmlns:a="http://www.w3.org/2001/XMLSchema">true</Value>
    </KeyValueOfstringanyType>
    <KeyValueOfstringanyType>
      <Key>ParentFolder</Key>
      <Value i:nil="true"/>
    </KeyValueOfstringanyType>
    <KeyValueOfstringanyType>
      <Key>ParentUUID</Key>
      <Value i:nil="true"/>
    </KeyValueOfstringanyType>
    <KeyValueOfstringanyType>
      <Key>UserId</Key>
      <Value i:type="a:string" xmlns:a="http://www.w3.org/2001/XMLSchema">admin</Value>
    </KeyValueOfstringanyType>
    <KeyValueOfstringanyType>
      <Key>Sequence</Key>
      <Value i:type="a:int" xmlns:a="http://www.w3.org/2001/XMLSchema">7</Value>
    </KeyValueOfstringanyType>
  </ArrayOfKeyValueOfstringanyType>
  <ArrayOfKeyValueOfstringanyType>
    <KeyValueOfstringanyType>
      <Key>UserKey</Key>
      <Value i:type="a:string" xmlns:a="http://www.w3.org/2001/XMLSchema">V3-IE-MS13-080-Malware</Value>
    </KeyValueOfstringanyType>
    <KeyValueOfstringanyType>
      <Key>Id</Key>
      <Value i:type="a:string" xmlns:a="http://www.w3.org/2001/XMLSchema"/>
    </KeyValueOfstringanyType>
    <KeyValueOfstringanyType>
      <Key>UtcCreationDate</Key>
      <Value i:type="a:dateTime" xmlns:a="http://www.w3.org/2001/XMLSchema">2016-03-11T21:03:57.3843993+07:00</Value>
    </KeyValueOfstringanyType>
    <KeyValueOfstringanyType>
      <Key>UtcLastModificationDate</Key>
      <Value i:type="a:dateTime" xmlns:a="http://www.w3.org/2001/XMLSchema">2016-03-11T21:03:57.3843993+07:00</Value>
    </KeyValueOfstringanyType>
    <KeyValueOfstringanyType>
      <Key>UUID</Key>
      <Value i:type="a:string" xmlns:a="http://www.w3.org/2001/XMLSchema">K7NJJS6YD6NZQSRL</Value>
    </KeyValueOfstringanyType>
    <KeyValueOfstringanyType>
      <Key>Repository</Key>
      <Value i:type="a:string" xmlns:a="http://www.w3.org/2001/XMLSchema">Ahnlab</Value>
    </KeyValueOfstringanyType>
    <KeyValueOfstringanyType>
      <Key>FolderName</Key>
      <Value i:type="a:string" xmlns:a="http://www.w3.org/2001/XMLSchema">Download~RemovalTool</Value>
    </KeyValueOfstringanyType>
    <KeyValueOfstringanyType>
      <Key>SchemaName</Key>
      <Value i:type="a:string" xmlns:a="http://www.w3.org/2001/XMLSchema">RemovalTool</Value>
    </KeyValueOfstringanyType>
    <KeyValueOfstringanyType>
      <Key>Name</Key>
      <Value i:type="a:string" xmlns:a="http://www.w3.org/2001/XMLSchema">V3 IE (MS13-080) Malware</Value>
    </KeyValueOfstringanyType>
    <KeyValueOfstringanyType>
      <Key>File</Key>
      <Value i:type="a:string" xmlns:a="http://www.w3.org/2001/XMLSchema"/>
    </KeyValueOfstringanyType>
    <KeyValueOfstringanyType>
      <Key>Link</Key>
      <Value i:type="a:string" xmlns:a="http://www.w3.org/2001/XMLSchema">http://provide.ahnlab.com/vaccine/v3_ie_malware.exe</Value>
    </KeyValueOfstringanyType>
    <KeyValueOfstringanyType>
      <Key>Published</Key>
      <Value i:type="a:boolean" xmlns:a="http://www.w3.org/2001/XMLSchema">true</Value>
    </KeyValueOfstringanyType>
    <KeyValueOfstringanyType>
      <Key>ParentFolder</Key>
      <Value i:nil="true"/>
    </KeyValueOfstringanyType>
    <KeyValueOfstringanyType>
      <Key>ParentUUID</Key>
      <Value i:nil="true"/>
    </KeyValueOfstringanyType>
    <KeyValueOfstringanyType>
      <Key>UserId</Key>
      <Value i:type="a:string" xmlns:a="http://www.w3.org/2001/XMLSchema">admin</Value>
    </KeyValueOfstringanyType>
    <KeyValueOfstringanyType>
      <Key>Sequence</Key>
      <Value i:type="a:int" xmlns:a="http://www.w3.org/2001/XMLSchema">8</Value>
    </KeyValueOfstringanyType>
  </ArrayOfKeyValueOfstringanyType>
  <ArrayOfKeyValueOfstringanyType>
    <KeyValueOfstringanyType>
      <Key>UserKey</Key>
      <Value i:type="a:string" xmlns:a="http://www.w3.org/2001/XMLSchema">Registry-Fix-Tool</Value>
    </KeyValueOfstringanyType>
    <KeyValueOfstringanyType>
      <Key>Id</Key>
      <Value i:type="a:string" xmlns:a="http://www.w3.org/2001/XMLSchema"/>
    </KeyValueOfstringanyType>
    <KeyValueOfstringanyType>
      <Key>UtcCreationDate</Key>
      <Value i:type="a:dateTime" xmlns:a="http://www.w3.org/2001/XMLSchema">2016-03-11T21:04:20.9425011+07:00</Value>
    </KeyValueOfstringanyType>
    <KeyValueOfstringanyType>
      <Key>UtcLastModificationDate</Key>
      <Value i:type="a:dateTime" xmlns:a="http://www.w3.org/2001/XMLSchema">2016-03-11T21:04:20.9425011+07:00</Value>
    </KeyValueOfstringanyType>
    <KeyValueOfstringanyType>
      <Key>UUID</Key>
      <Value i:type="a:string" xmlns:a="http://www.w3.org/2001/XMLSchema">ZZBJV2ALZAMMMNHQ</Value>
    </KeyValueOfstringanyType>
    <KeyValueOfstringanyType>
      <Key>Repository</Key>
      <Value i:type="a:string" xmlns:a="http://www.w3.org/2001/XMLSchema">Ahnlab</Value>
    </KeyValueOfstringanyType>
    <KeyValueOfstringanyType>
      <Key>FolderName</Key>
      <Value i:type="a:string" xmlns:a="http://www.w3.org/2001/XMLSchema">Download~RemovalTool</Value>
    </KeyValueOfstringanyType>
    <KeyValueOfstringanyType>
      <Key>SchemaName</Key>
      <Value i:type="a:string" xmlns:a="http://www.w3.org/2001/XMLSchema">RemovalTool</Value>
    </KeyValueOfstringanyType>
    <KeyValueOfstringanyType>
      <Key>Name</Key>
      <Value i:type="a:string" xmlns:a="http://www.w3.org/2001/XMLSchema">Registry Fix Tool</Value>
    </KeyValueOfstringanyType>
    <KeyValueOfstringanyType>
      <Key>File</Key>
      <Value i:type="a:string" xmlns:a="http://www.w3.org/2001/XMLSchema"/>
    </KeyValueOfstringanyType>
    <KeyValueOfstringanyType>
      <Key>Link</Key>
      <Value i:type="a:string" xmlns:a="http://www.w3.org/2001/XMLSchema">http://provide.ahnlab.com/vaccine/v3curereg.com</Value>
    </KeyValueOfstringanyType>
    <KeyValueOfstringanyType>
      <Key>Published</Key>
      <Value i:type="a:boolean" xmlns:a="http://www.w3.org/2001/XMLSchema">true</Value>
    </KeyValueOfstringanyType>
    <KeyValueOfstringanyType>
      <Key>ParentFolder</Key>
      <Value i:nil="true"/>
    </KeyValueOfstringanyType>
    <KeyValueOfstringanyType>
      <Key>ParentUUID</Key>
      <Value i:nil="true"/>
    </KeyValueOfstringanyType>
    <KeyValueOfstringanyType>
      <Key>UserId</Key>
      <Value i:type="a:string" xmlns:a="http://www.w3.org/2001/XMLSchema">admin</Value>
    </KeyValueOfstringanyType>
    <KeyValueOfstringanyType>
      <Key>Sequence</Key>
      <Value i:type="a:int" xmlns:a="http://www.w3.org/2001/XMLSchema">9</Value>
    </KeyValueOfstringanyType>
  </ArrayOfKeyValueOfstringanyType>
  <ArrayOfKeyValueOfstringanyType>
    <KeyValueOfstringanyType>
      <Key>UserKey</Key>
      <Value i:type="a:string" xmlns:a="http://www.w3.org/2001/XMLSchema">Dropper-Agent-429808</Value>
    </KeyValueOfstringanyType>
    <KeyValueOfstringanyType>
      <Key>Id</Key>
      <Value i:type="a:string" xmlns:a="http://www.w3.org/2001/XMLSchema"/>
    </KeyValueOfstringanyType>
    <KeyValueOfstringanyType>
      <Key>UtcCreationDate</Key>
      <Value i:type="a:dateTime" xmlns:a="http://www.w3.org/2001/XMLSchema">2016-03-11T21:04:41.6051066+07:00</Value>
    </KeyValueOfstringanyType>
    <KeyValueOfstringanyType>
      <Key>UtcLastModificationDate</Key>
      <Value i:type="a:dateTime" xmlns:a="http://www.w3.org/2001/XMLSchema">2016-03-11T21:04:41.6051066+07:00</Value>
    </KeyValueOfstringanyType>
    <KeyValueOfstringanyType>
      <Key>UUID</Key>
      <Value i:type="a:string" xmlns:a="http://www.w3.org/2001/XMLSchema">NWY2XV4WUZ3X8ZDB</Value>
    </KeyValueOfstringanyType>
    <KeyValueOfstringanyType>
      <Key>Repository</Key>
      <Value i:type="a:string" xmlns:a="http://www.w3.org/2001/XMLSchema">Ahnlab</Value>
    </KeyValueOfstringanyType>
    <KeyValueOfstringanyType>
      <Key>FolderName</Key>
      <Value i:type="a:string" xmlns:a="http://www.w3.org/2001/XMLSchema">Download~RemovalTool</Value>
    </KeyValueOfstringanyType>
    <KeyValueOfstringanyType>
      <Key>SchemaName</Key>
      <Value i:type="a:string" xmlns:a="http://www.w3.org/2001/XMLSchema">RemovalTool</Value>
    </KeyValueOfstringanyType>
    <KeyValueOfstringanyType>
      <Key>Name</Key>
      <Value i:type="a:string" xmlns:a="http://www.w3.org/2001/XMLSchema">Dropper/Agent.429808</Value>
    </KeyValueOfstringanyType>
    <KeyValueOfstringanyType>
      <Key>File</Key>
      <Value i:type="a:string" xmlns:a="http://www.w3.org/2001/XMLSchema"/>
    </KeyValueOfstringanyType>
    <KeyValueOfstringanyType>
      <Key>Link</Key>
      <Value i:type="a:string" xmlns:a="http://www.w3.org/2001/XMLSchema">http://provide.ahnlab.com/vaccine/v3_integration.exe</Value>
    </KeyValueOfstringanyType>
    <KeyValueOfstringanyType>
      <Key>Published</Key>
      <Value i:type="a:boolean" xmlns:a="http://www.w3.org/2001/XMLSchema">true</Value>
    </KeyValueOfstringanyType>
    <KeyValueOfstringanyType>
      <Key>ParentFolder</Key>
      <Value i:nil="true"/>
    </KeyValueOfstringanyType>
    <KeyValueOfstringanyType>
      <Key>ParentUUID</Key>
      <Value i:nil="true"/>
    </KeyValueOfstringanyType>
    <KeyValueOfstringanyType>
      <Key>UserId</Key>
      <Value i:type="a:string" xmlns:a="http://www.w3.org/2001/XMLSchema">admin</Value>
    </KeyValueOfstringanyType>
    <KeyValueOfstringanyType>
      <Key>Sequence</Key>
      <Value i:type="a:int" xmlns:a="http://www.w3.org/2001/XMLSchema">10</Value>
    </KeyValueOfstringanyType>
  </ArrayOfKeyValueOfstringanyType>
  <ArrayOfKeyValueOfstringanyType>
    <KeyValueOfstringanyType>
      <Key>UserKey</Key>
      <Value i:type="a:string" xmlns:a="http://www.w3.org/2001/XMLSchema">V3-GameHack-Kill-</Value>
    </KeyValueOfstringanyType>
    <KeyValueOfstringanyType>
      <Key>Id</Key>
      <Value i:type="a:string" xmlns:a="http://www.w3.org/2001/XMLSchema"/>
    </KeyValueOfstringanyType>
    <KeyValueOfstringanyType>
      <Key>UtcCreationDate</Key>
      <Value i:type="a:dateTime" xmlns:a="http://www.w3.org/2001/XMLSchema">2016-03-11T14:04:52.5477659Z</Value>
    </KeyValueOfstringanyType>
    <KeyValueOfstringanyType>
      <Key>UtcLastModificationDate</Key>
      <Value i:type="a:dateTime" xmlns:a="http://www.w3.org/2001/XMLSchema">2016-03-11T14:04:52.5477659Z</Value>
    </KeyValueOfstringanyType>
    <KeyValueOfstringanyType>
      <Key>UUID</Key>
      <Value i:type="a:string" xmlns:a="http://www.w3.org/2001/XMLSchema">VNW2CH8R2WLX4ZQK</Value>
    </KeyValueOfstringanyType>
    <KeyValueOfstringanyType>
      <Key>Repository</Key>
      <Value i:type="a:string" xmlns:a="http://www.w3.org/2001/XMLSchema">Ahnlab</Value>
    </KeyValueOfstringanyType>
    <KeyValueOfstringanyType>
      <Key>FolderName</Key>
      <Value i:type="a:string" xmlns:a="http://www.w3.org/2001/XMLSchema">Download~RemovalTool</Value>
    </KeyValueOfstringanyType>
    <KeyValueOfstringanyType>
      <Key>SchemaName</Key>
      <Value i:type="a:string" xmlns:a="http://www.w3.org/2001/XMLSchema">RemovalTool</Value>
    </KeyValueOfstringanyType>
    <KeyValueOfstringanyType>
      <Key>Name</Key>
      <Value i:type="a:string" xmlns:a="http://www.w3.org/2001/XMLSchema">V3 GameHack Kill </Value>
    </KeyValueOfstringanyType>
    <KeyValueOfstringanyType>
      <Key>File</Key>
      <Value i:type="a:string" xmlns:a="http://www.w3.org/2001/XMLSchema"/>
    </KeyValueOfstringanyType>
    <KeyValueOfstringanyType>
      <Key>Link</Key>
      <Value i:type="a:string" xmlns:a="http://www.w3.org/2001/XMLSchema">http://provide.ahnlab.com/vaccine/gamehackkill.exe</Value>
    </KeyValueOfstringanyType>
    <KeyValueOfstringanyType>
      <Key>Published</Key>
      <Value i:type="a:boolean" xmlns:a="http://www.w3.org/2001/XMLSchema">true</Value>
    </KeyValueOfstringanyType>
    <KeyValueOfstringanyType>
      <Key>ParentFolder</Key>
      <Value i:nil="true"/>
    </KeyValueOfstringanyType>
    <KeyValueOfstringanyType>
      <Key>ParentUUID</Key>
      <Value i:nil="true"/>
    </KeyValueOfstringanyType>
    <KeyValueOfstringanyType>
      <Key>UserId</Key>
      <Value i:type="a:string" xmlns:a="http://www.w3.org/2001/XMLSchema">admin</Value>
    </KeyValueOfstringanyType>
    <KeyValueOfstringanyType>
      <Key>Sequence</Key>
      <Value i:type="a:int" xmlns:a="http://www.w3.org/2001/XMLSchema">11</Value>
    </KeyValueOfstringanyType>
  </ArrayOfKeyValueOfstringanyType>
</ArrayOfArrayOfKeyValueOfstringanyType>