<ArrayOfArrayOfKeyValueOfstringanyType xmlns="http://schemas.microsoft.com/2003/10/Serialization/Arrays" xmlns:i="http://www.w3.org/2001/XMLSchema-instance"><ArrayOfKeyValueOfstringanyType><KeyValueOfstringanyType><Key>UserKey</Key><Value i:type="a:string" xmlns:a="http://www.w3.org/2001/XMLSchema">1</Value></KeyValueOfstringanyType><KeyValueOfstringanyType><Key>Id</Key><Value i:type="a:string" xmlns:a="http://www.w3.org/2001/XMLSchema"/></KeyValueOfstringanyType><KeyValueOfstringanyType><Key>UtcCreationDate</Key><Value i:type="a:dateTime" xmlns:a="http://www.w3.org/2001/XMLSchema">2016-03-14T17:16:16.5581664+07:00</Value></KeyValueOfstringanyType><KeyValueOfstringanyType><Key>UtcLastModificationDate</Key><Value i:type="a:dateTime" xmlns:a="http://www.w3.org/2001/XMLSchema">2016-03-14T17:20:52.3412957+07:00</Value></KeyValueOfstringanyType><KeyValueOfstringanyType><Key>UUID</Key><Value i:type="a:string" xmlns:a="http://www.w3.org/2001/XMLSchema">DPF2ZKABERUGGYPN</Value></KeyValueOfstringanyType><KeyValueOfstringanyType><Key>Repository</Key><Value i:type="a:string" xmlns:a="http://www.w3.org/2001/XMLSchema">Ahnlab</Value></KeyValueOfstringanyType><KeyValueOfstringanyType><Key>FolderName</Key><Value i:type="a:string" xmlns:a="http://www.w3.org/2001/XMLSchema">Security~RiskLevel</Value></KeyValueOfstringanyType><KeyValueOfstringanyType><Key>SchemaName</Key><Value i:type="a:string" xmlns:a="http://www.w3.org/2001/XMLSchema">RiskLevel</Value></KeyValueOfstringanyType><KeyValueOfstringanyType><Key>Level</Key><Value i:type="a:int" xmlns:a="http://www.w3.org/2001/XMLSchema">1</Value></KeyValueOfstringanyType><KeyValueOfstringanyType><Key>Type</Key><Value i:type="a:string" xmlns:a="http://www.w3.org/2001/XMLSchema">Low</Value></KeyValueOfstringanyType><KeyValueOfstringanyType><Key>Description</Key><Value i:type="a:string" xmlns:a="http://www.w3.org/2001/XMLSchema">No imminent threats exist on your system or network. AhnLab will continue to monitor and detect for any possible treats.</Value></KeyValueOfstringanyType><KeyValueOfstringanyType><Key>Action</Key><Value i:type="a:string" xmlns:a="http://www.w3.org/2001/XMLSchema">AhnLab will continue to maintain the safe environment. </Value></KeyValueOfstringanyType><KeyValueOfstringanyType><Key>Thumbnail</Key><Value i:type="a:string" xmlns:a="http://www.w3.org/2001/XMLSchema">/Cms_Data/Contents/Ahnlab/Folders/Security/RiskLevel/~contents/DPF2ZKABERUGGYPN/img_level01.jpg</Value></KeyValueOfstringanyType><KeyValueOfstringanyType><Key>Published</Key><Value i:type="a:boolean" xmlns:a="http://www.w3.org/2001/XMLSchema">true</Value></KeyValueOfstringanyType><KeyValueOfstringanyType><Key>ParentFolder</Key><Value i:nil="true"/></KeyValueOfstringanyType><KeyValueOfstringanyType><Key>ParentUUID</Key><Value i:nil="true"/></KeyValueOfstringanyType><KeyValueOfstringanyType><Key>UserId</Key><Value i:type="a:string" xmlns:a="http://www.w3.org/2001/XMLSchema">admin</Value></KeyValueOfstringanyType><KeyValueOfstringanyType><Key>Sequence</Key><Value i:type="a:int" xmlns:a="http://www.w3.org/2001/XMLSchema">1</Value></KeyValueOfstringanyType><KeyValueOfstringanyType><Key>___EnableVersion___</Key><Value i:type="a:boolean" xmlns:a="http://www.w3.org/2001/XMLSchema">true</Value></KeyValueOfstringanyType></ArrayOfKeyValueOfstringanyType><ArrayOfKeyValueOfstringanyType><KeyValueOfstringanyType><Key>UserKey</Key><Value i:type="a:string" xmlns:a="http://www.w3.org/2001/XMLSchema">2</Value></KeyValueOfstringanyType><KeyValueOfstringanyType><Key>Id</Key><Value i:type="a:string" xmlns:a="http://www.w3.org/2001/XMLSchema"/></KeyValueOfstringanyType><KeyValueOfstringanyType><Key>UtcCreationDate</Key><Value i:type="a:dateTime" xmlns:a="http://www.w3.org/2001/XMLSchema">2016-03-14T17:16:41.6549027+07:00</Value></KeyValueOfstringanyType><KeyValueOfstringanyType><Key>UtcLastModificationDate</Key><Value i:type="a:dateTime" xmlns:a="http://www.w3.org/2001/XMLSchema">2016-03-14T17:16:41.6549027+07:00</Value></KeyValueOfstringanyType><KeyValueOfstringanyType><Key>UUID</Key><Value i:type="a:string" xmlns:a="http://www.w3.org/2001/XMLSchema">8H72BPVZLYDJRT5Y</Value></KeyValueOfstringanyType><KeyValueOfstringanyType><Key>Repository</Key><Value i:type="a:string" xmlns:a="http://www.w3.org/2001/XMLSchema">Ahnlab</Value></KeyValueOfstringanyType><KeyValueOfstringanyType><Key>FolderName</Key><Value i:type="a:string" xmlns:a="http://www.w3.org/2001/XMLSchema">Security~RiskLevel</Value></KeyValueOfstringanyType><KeyValueOfstringanyType><Key>SchemaName</Key><Value i:type="a:string" xmlns:a="http://www.w3.org/2001/XMLSchema">RiskLevel</Value></KeyValueOfstringanyType><KeyValueOfstringanyType><Key>Level</Key><Value i:type="a:int" xmlns:a="http://www.w3.org/2001/XMLSchema">2</Value></KeyValueOfstringanyType><KeyValueOfstringanyType><Key>Type</Key><Value i:type="a:string" xmlns:a="http://www.w3.org/2001/XMLSchema">Medium</Value></KeyValueOfstringanyType><KeyValueOfstringanyType><Key>Description</Key><Value i:type="a:string" xmlns:a="http://www.w3.org/2001/XMLSchema">Your system security is compromised and may be vulnerable to attacks. We recommend that you download the latest patches, and install our Anti-Virus software.</Value></KeyValueOfstringanyType><KeyValueOfstringanyType><Key>Action</Key><Value i:type="a:string" xmlns:a="http://www.w3.org/2001/XMLSchema">We recommend you patch your system to latest version, and install Anti-Virus software. </Value></KeyValueOfstringanyType><KeyValueOfstringanyType><Key>Thumbnail</Key><Value i:type="a:string" xmlns:a="http://www.w3.org/2001/XMLSchema">/Cms_Data/Contents/Ahnlab/Folders/Security/RiskLevel/~contents/8H72BPVZLYDJRT5Y/img_level02.jpg</Value></KeyValueOfstringanyType><KeyValueOfstringanyType><Key>Published</Key><Value i:type="a:boolean" xmlns:a="http://www.w3.org/2001/XMLSchema">true</Value></KeyValueOfstringanyType><KeyValueOfstringanyType><Key>ParentFolder</Key><Value i:nil="true"/></KeyValueOfstringanyType><KeyValueOfstringanyType><Key>ParentUUID</Key><Value i:nil="true"/></KeyValueOfstringanyType><KeyValueOfstringanyType><Key>UserId</Key><Value i:type="a:string" xmlns:a="http://www.w3.org/2001/XMLSchema">admin</Value></KeyValueOfstringanyType><KeyValueOfstringanyType><Key>Sequence</Key><Value i:type="a:int" xmlns:a="http://www.w3.org/2001/XMLSchema">2</Value></KeyValueOfstringanyType></ArrayOfKeyValueOfstringanyType><ArrayOfKeyValueOfstringanyType><KeyValueOfstringanyType><Key>UserKey</Key><Value i:type="a:string" xmlns:a="http://www.w3.org/2001/XMLSchema">3</Value></KeyValueOfstringanyType><KeyValueOfstringanyType><Key>Id</Key><Value i:type="a:string" xmlns:a="http://www.w3.org/2001/XMLSchema"/></KeyValueOfstringanyType><KeyValueOfstringanyType><Key>UtcCreationDate</Key><Value i:type="a:dateTime" xmlns:a="http://www.w3.org/2001/XMLSchema">2016-03-14T10:17:06.6878673Z</Value></KeyValueOfstringanyType><KeyValueOfstringanyType><Key>UtcLastModificationDate</Key><Value i:type="a:dateTime" xmlns:a="http://www.w3.org/2001/XMLSchema">2016-03-14T10:27:42.4198516Z</Value></KeyValueOfstringanyType><KeyValueOfstringanyType><Key>UUID</Key><Value i:type="a:string" xmlns:a="http://www.w3.org/2001/XMLSchema">NRX2Z6XRTVNTM2AU</Value></KeyValueOfstringanyType><KeyValueOfstringanyType><Key>Repository</Key><Value i:type="a:string" xmlns:a="http://www.w3.org/2001/XMLSchema">Ahnlab</Value></KeyValueOfstringanyType><KeyValueOfstringanyType><Key>FolderName</Key><Value i:type="a:string" xmlns:a="http://www.w3.org/2001/XMLSchema">Security~RiskLevel</Value></KeyValueOfstringanyType><KeyValueOfstringanyType><Key>SchemaName</Key><Value i:type="a:string" xmlns:a="http://www.w3.org/2001/XMLSchema">RiskLevel</Value></KeyValueOfstringanyType><KeyValueOfstringanyType><Key>Level</Key><Value i:type="a:int" xmlns:a="http://www.w3.org/2001/XMLSchema">3</Value></KeyValueOfstringanyType><KeyValueOfstringanyType><Key>Type</Key><Value i:type="a:string" xmlns:a="http://www.w3.org/2001/XMLSchema">High</Value></KeyValueOfstringanyType><KeyValueOfstringanyType><Key>Description</Key><Value i:type="a:string" xmlns:a="http://www.w3.org/2001/XMLSchema">Random systems have been damaged and security attacks have been reported. Please scan your system for security risks to mitigate any possible threats caused by viruses or worms.</Value></KeyValueOfstringanyType><KeyValueOfstringanyType><Key>Action</Key><Value i:type="a:string" xmlns:a="http://www.w3.org/2001/XMLSchema">Please scan your system for any security-threatening activities, viruses or worms. </Value></KeyValueOfstringanyType><KeyValueOfstringanyType><Key>Thumbnail</Key><Value i:type="a:string" xmlns:a="http://www.w3.org/2001/XMLSchema">/Cms_Data/Contents/Ahnlab/Folders/Security/RiskLevel/~contents/NRX2Z6XRTVNTM2AU/img_level03.jpg</Value></KeyValueOfstringanyType><KeyValueOfstringanyType><Key>Published</Key><Value i:type="a:boolean" xmlns:a="http://www.w3.org/2001/XMLSchema">true</Value></KeyValueOfstringanyType><KeyValueOfstringanyType><Key>ParentFolder</Key><Value i:nil="true"/></KeyValueOfstringanyType><KeyValueOfstringanyType><Key>ParentUUID</Key><Value i:nil="true"/></KeyValueOfstringanyType><KeyValueOfstringanyType><Key>UserId</Key><Value i:type="a:string" xmlns:a="http://www.w3.org/2001/XMLSchema">admin</Value></KeyValueOfstringanyType><KeyValueOfstringanyType><Key>Sequence</Key><Value i:type="a:int" xmlns:a="http://www.w3.org/2001/XMLSchema">3</Value></KeyValueOfstringanyType><KeyValueOfstringanyType><Key>___EnableVersion___</Key><Value i:type="a:boolean" xmlns:a="http://www.w3.org/2001/XMLSchema">true</Value></KeyValueOfstringanyType><KeyValueOfstringanyType><Key>IsCurrent</Key><Value i:type="a:boolean" xmlns:a="http://www.w3.org/2001/XMLSchema">true</Value></KeyValueOfstringanyType></ArrayOfKeyValueOfstringanyType><ArrayOfKeyValueOfstringanyType><KeyValueOfstringanyType><Key>UserKey</Key><Value i:type="a:string" xmlns:a="http://www.w3.org/2001/XMLSchema">4</Value></KeyValueOfstringanyType><KeyValueOfstringanyType><Key>Id</Key><Value i:type="a:string" xmlns:a="http://www.w3.org/2001/XMLSchema"/></KeyValueOfstringanyType><KeyValueOfstringanyType><Key>UtcCreationDate</Key><Value i:type="a:dateTime" xmlns:a="http://www.w3.org/2001/XMLSchema">2016-03-14T17:17:49.8580036+07:00</Value></KeyValueOfstringanyType><KeyValueOfstringanyType><Key>UtcLastModificationDate</Key><Value i:type="a:dateTime" xmlns:a="http://www.w3.org/2001/XMLSchema">2016-03-14T17:17:49.8580036+07:00</Value></KeyValueOfstringanyType><KeyValueOfstringanyType><Key>UUID</Key><Value i:type="a:string" xmlns:a="http://www.w3.org/2001/XMLSchema">YD223M65QBE6HB59</Value></KeyValueOfstringanyType><KeyValueOfstringanyType><Key>Repository</Key><Value i:type="a:string" xmlns:a="http://www.w3.org/2001/XMLSchema">Ahnlab</Value></KeyValueOfstringanyType><KeyValueOfstringanyType><Key>FolderName</Key><Value i:type="a:string" xmlns:a="http://www.w3.org/2001/XMLSchema">Security~RiskLevel</Value></KeyValueOfstringanyType><KeyValueOfstringanyType><Key>SchemaName</Key><Value i:type="a:string" xmlns:a="http://www.w3.org/2001/XMLSchema">RiskLevel</Value></KeyValueOfstringanyType><KeyValueOfstringanyType><Key>Level</Key><Value i:type="a:int" xmlns:a="http://www.w3.org/2001/XMLSchema">4</Value></KeyValueOfstringanyType><KeyValueOfstringanyType><Key>Type</Key><Value i:type="a:string" xmlns:a="http://www.w3.org/2001/XMLSchema">Critical</Value></KeyValueOfstringanyType><KeyValueOfstringanyType><Key>Description</Key><Value i:type="a:string" xmlns:a="http://www.w3.org/2001/XMLSchema">New security threats are found infesting through the Internet. Many systems have been damaged and current security measures are ineffective. Update your engine, scan for harmful viruses and worms, and download the latest patches and Windows updates to secure your system.</Value></KeyValueOfstringanyType><KeyValueOfstringanyType><Key>Action</Key><Value i:type="a:string" xmlns:a="http://www.w3.org/2001/XMLSchema">We recomend you to update your engine, scan the system and download the latest patches and Window updates to secure your system. </Value></KeyValueOfstringanyType><KeyValueOfstringanyType><Key>Thumbnail</Key><Value i:type="a:string" xmlns:a="http://www.w3.org/2001/XMLSchema">/Cms_Data/Contents/Ahnlab/Folders/Security/RiskLevel/~contents/YD223M65QBE6HB59/img_level04.jpg</Value></KeyValueOfstringanyType><KeyValueOfstringanyType><Key>Published</Key><Value i:type="a:boolean" xmlns:a="http://www.w3.org/2001/XMLSchema">true</Value></KeyValueOfstringanyType><KeyValueOfstringanyType><Key>ParentFolder</Key><Value i:nil="true"/></KeyValueOfstringanyType><KeyValueOfstringanyType><Key>ParentUUID</Key><Value i:nil="true"/></KeyValueOfstringanyType><KeyValueOfstringanyType><Key>UserId</Key><Value i:type="a:string" xmlns:a="http://www.w3.org/2001/XMLSchema">admin</Value></KeyValueOfstringanyType><KeyValueOfstringanyType><Key>Sequence</Key><Value i:type="a:int" xmlns:a="http://www.w3.org/2001/XMLSchema">4</Value></KeyValueOfstringanyType></ArrayOfKeyValueOfstringanyType></ArrayOfArrayOfKeyValueOfstringanyType>