<ArrayOfArrayOfKeyValueOfstringanyType xmlns="http://schemas.microsoft.com/2003/10/Serialization/Arrays" xmlns:i="http://www.w3.org/2001/XMLSchema-instance"><ArrayOfKeyValueOfstringanyType><KeyValueOfstringanyType><Key>UserKey</Key><Value i:type="a:string" xmlns:a="http://www.w3.org/2001/XMLSchema">More-Security-More-Freedom</Value></KeyValueOfstringanyType><KeyValueOfstringanyType><Key>Id</Key><Value i:type="a:string" xmlns:a="http://www.w3.org/2001/XMLSchema"/></KeyValueOfstringanyType><KeyValueOfstringanyType><Key>UtcCreationDate</Key><Value i:type="a:dateTime" xmlns:a="http://www.w3.org/2001/XMLSchema">2016-02-22T15:28:45.4444853+07:00</Value></KeyValueOfstringanyType><KeyValueOfstringanyType><Key>UtcLastModificationDate</Key><Value i:type="a:dateTime" xmlns:a="http://www.w3.org/2001/XMLSchema">2016-02-22T15:38:27.9846628+07:00</Value></KeyValueOfstringanyType><KeyValueOfstringanyType><Key>UUID</Key><Value i:type="a:string" xmlns:a="http://www.w3.org/2001/XMLSchema">WTK2FVSZFYSEY3D4</Value></KeyValueOfstringanyType><KeyValueOfstringanyType><Key>Repository</Key><Value i:type="a:string" xmlns:a="http://www.w3.org/2001/XMLSchema">Ahnlab</Value></KeyValueOfstringanyType><KeyValueOfstringanyType><Key>FolderName</Key><Value i:type="a:string" xmlns:a="http://www.w3.org/2001/XMLSchema">Slider</Value></KeyValueOfstringanyType><KeyValueOfstringanyType><Key>SchemaName</Key><Value i:type="a:string" xmlns:a="http://www.w3.org/2001/XMLSchema">Slider</Value></KeyValueOfstringanyType><KeyValueOfstringanyType><Key>Title</Key><Value i:type="a:string" xmlns:a="http://www.w3.org/2001/XMLSchema">More Security, More Freedom</Value></KeyValueOfstringanyType><KeyValueOfstringanyType><Key>SubTitle</Key><Value i:type="a:string" xmlns:a="http://www.w3.org/2001/XMLSchema">A new vision for a better tomorrow</Value></KeyValueOfstringanyType><KeyValueOfstringanyType><Key>ImageOfText</Key><Value i:type="a:string" xmlns:a="http://www.w3.org/2001/XMLSchema">/Cms_Data/Contents/Ahnlab/Folders/Slider/~contents/WTK2FVSZFYSEY3D4/keyVisualImg_TEXT_en_24.png</Value></KeyValueOfstringanyType><KeyValueOfstringanyType><Key>Width</Key><Value i:type="a:int" xmlns:a="http://www.w3.org/2001/XMLSchema">0</Value></KeyValueOfstringanyType><KeyValueOfstringanyType><Key>Height</Key><Value i:type="a:int" xmlns:a="http://www.w3.org/2001/XMLSchema">0</Value></KeyValueOfstringanyType><KeyValueOfstringanyType><Key>Image</Key><Value i:type="a:string" xmlns:a="http://www.w3.org/2001/XMLSchema"/></KeyValueOfstringanyType><KeyValueOfstringanyType><Key>BgColor</Key><Value i:type="a:string" xmlns:a="http://www.w3.org/2001/XMLSchema">060D17</Value></KeyValueOfstringanyType><KeyValueOfstringanyType><Key>Link</Key><Value i:type="a:string" xmlns:a="http://www.w3.org/2001/XMLSchema">#</Value></KeyValueOfstringanyType><KeyValueOfstringanyType><Key>Published</Key><Value i:type="a:boolean" xmlns:a="http://www.w3.org/2001/XMLSchema">true</Value></KeyValueOfstringanyType><KeyValueOfstringanyType><Key>ParentFolder</Key><Value i:nil="true"/></KeyValueOfstringanyType><KeyValueOfstringanyType><Key>ParentUUID</Key><Value i:nil="true"/></KeyValueOfstringanyType><KeyValueOfstringanyType><Key>UserId</Key><Value i:type="a:string" xmlns:a="http://www.w3.org/2001/XMLSchema">admin</Value></KeyValueOfstringanyType><KeyValueOfstringanyType><Key>Sequence</Key><Value i:type="a:int" xmlns:a="http://www.w3.org/2001/XMLSchema">1</Value></KeyValueOfstringanyType><KeyValueOfstringanyType><Key>BgImage</Key><Value i:type="a:string" xmlns:a="http://www.w3.org/2001/XMLSchema">/Cms_Data/Contents/Ahnlab/Folders/Slider/~contents/WTK2FVSZFYSEY3D4/keyVisualImg_en_24.jpg</Value></KeyValueOfstringanyType><KeyValueOfstringanyType><Key>___EnableVersion___</Key><Value i:type="a:boolean" xmlns:a="http://www.w3.org/2001/XMLSchema">true</Value></KeyValueOfstringanyType><KeyValueOfstringanyType><Key>Order</Key><Value i:type="a:int" xmlns:a="http://www.w3.org/2001/XMLSchema">1</Value></KeyValueOfstringanyType></ArrayOfKeyValueOfstringanyType><ArrayOfKeyValueOfstringanyType><KeyValueOfstringanyType><Key>UserKey</Key><Value i:type="a:string" xmlns:a="http://www.w3.org/2001/XMLSchema">AhnLab-MDS-recognized-as-the-most-innovative-APT-solution</Value></KeyValueOfstringanyType><KeyValueOfstringanyType><Key>Id</Key><Value i:type="a:string" xmlns:a="http://www.w3.org/2001/XMLSchema"/></KeyValueOfstringanyType><KeyValueOfstringanyType><Key>UtcCreationDate</Key><Value i:type="a:dateTime" xmlns:a="http://www.w3.org/2001/XMLSchema">2016-02-22T15:33:49.1997328+07:00</Value></KeyValueOfstringanyType><KeyValueOfstringanyType><Key>UtcLastModificationDate</Key><Value i:type="a:dateTime" xmlns:a="http://www.w3.org/2001/XMLSchema">2016-02-22T15:38:34.36929+07:00</Value></KeyValueOfstringanyType><KeyValueOfstringanyType><Key>UUID</Key><Value i:type="a:string" xmlns:a="http://www.w3.org/2001/XMLSchema">2WZ2QCZ2SCVHHXB3</Value></KeyValueOfstringanyType><KeyValueOfstringanyType><Key>Repository</Key><Value i:type="a:string" xmlns:a="http://www.w3.org/2001/XMLSchema">Ahnlab</Value></KeyValueOfstringanyType><KeyValueOfstringanyType><Key>FolderName</Key><Value i:type="a:string" xmlns:a="http://www.w3.org/2001/XMLSchema">Slider</Value></KeyValueOfstringanyType><KeyValueOfstringanyType><Key>SchemaName</Key><Value i:type="a:string" xmlns:a="http://www.w3.org/2001/XMLSchema">Slider</Value></KeyValueOfstringanyType><KeyValueOfstringanyType><Key>Title</Key><Value i:type="a:string" xmlns:a="http://www.w3.org/2001/XMLSchema">AhnLab MDS recognized as the most innovative APT solution</Value></KeyValueOfstringanyType><KeyValueOfstringanyType><Key>SubTitle</Key><Value i:type="a:string" xmlns:a="http://www.w3.org/2001/XMLSchema">in 2015 South Korea Technology Innovation Award</Value></KeyValueOfstringanyType><KeyValueOfstringanyType><Key>ImageOfText</Key><Value i:type="a:string" xmlns:a="http://www.w3.org/2001/XMLSchema">/Cms_Data/Contents/Ahnlab/Folders/Slider/~contents/2WZ2QCZ2SCVHHXB3/keyVisualImg_TEXT_en_10.png</Value></KeyValueOfstringanyType><KeyValueOfstringanyType><Key>BgImage</Key><Value i:type="a:string" xmlns:a="http://www.w3.org/2001/XMLSchema">/Cms_Data/Contents/Ahnlab/Folders/Slider/~contents/2WZ2QCZ2SCVHHXB3/keyVisualImg_en_10.jpg</Value></KeyValueOfstringanyType><KeyValueOfstringanyType><Key>BgColor</Key><Value i:type="a:string" xmlns:a="http://www.w3.org/2001/XMLSchema">060D17</Value></KeyValueOfstringanyType><KeyValueOfstringanyType><Key>Link</Key><Value i:type="a:string" xmlns:a="http://www.w3.org/2001/XMLSchema">#</Value></KeyValueOfstringanyType><KeyValueOfstringanyType><Key>Published</Key><Value i:type="a:boolean" xmlns:a="http://www.w3.org/2001/XMLSchema">true</Value></KeyValueOfstringanyType><KeyValueOfstringanyType><Key>ParentFolder</Key><Value i:nil="true"/></KeyValueOfstringanyType><KeyValueOfstringanyType><Key>ParentUUID</Key><Value i:nil="true"/></KeyValueOfstringanyType><KeyValueOfstringanyType><Key>UserId</Key><Value i:type="a:string" xmlns:a="http://www.w3.org/2001/XMLSchema">admin</Value></KeyValueOfstringanyType><KeyValueOfstringanyType><Key>Sequence</Key><Value i:type="a:int" xmlns:a="http://www.w3.org/2001/XMLSchema">2</Value></KeyValueOfstringanyType><KeyValueOfstringanyType><Key>Order</Key><Value i:type="a:int" xmlns:a="http://www.w3.org/2001/XMLSchema">2</Value></KeyValueOfstringanyType><KeyValueOfstringanyType><Key>___EnableVersion___</Key><Value i:type="a:boolean" xmlns:a="http://www.w3.org/2001/XMLSchema">true</Value></KeyValueOfstringanyType></ArrayOfKeyValueOfstringanyType><ArrayOfKeyValueOfstringanyType><KeyValueOfstringanyType><Key>UserKey</Key><Value i:type="a:string" xmlns:a="http://www.w3.org/2001/XMLSchema">Security-Starts-with-Take-a-Step-</Value></KeyValueOfstringanyType><KeyValueOfstringanyType><Key>Id</Key><Value i:type="a:string" xmlns:a="http://www.w3.org/2001/XMLSchema"/></KeyValueOfstringanyType><KeyValueOfstringanyType><Key>UtcCreationDate</Key><Value i:type="a:dateTime" xmlns:a="http://www.w3.org/2001/XMLSchema">2016-02-22T15:36:06.9811721+07:00</Value></KeyValueOfstringanyType><KeyValueOfstringanyType><Key>UtcLastModificationDate</Key><Value i:type="a:dateTime" xmlns:a="http://www.w3.org/2001/XMLSchema">2016-02-22T15:38:40.3616575+07:00</Value></KeyValueOfstringanyType><KeyValueOfstringanyType><Key>UUID</Key><Value i:type="a:string" xmlns:a="http://www.w3.org/2001/XMLSchema">BSDJSQFQDLUL76MQ</Value></KeyValueOfstringanyType><KeyValueOfstringanyType><Key>Repository</Key><Value i:type="a:string" xmlns:a="http://www.w3.org/2001/XMLSchema">Ahnlab</Value></KeyValueOfstringanyType><KeyValueOfstringanyType><Key>FolderName</Key><Value i:type="a:string" xmlns:a="http://www.w3.org/2001/XMLSchema">Slider</Value></KeyValueOfstringanyType><KeyValueOfstringanyType><Key>SchemaName</Key><Value i:type="a:string" xmlns:a="http://www.w3.org/2001/XMLSchema">Slider</Value></KeyValueOfstringanyType><KeyValueOfstringanyType><Key>Title</Key><Value i:type="a:string" xmlns:a="http://www.w3.org/2001/XMLSchema">Security Starts with “Take-a-Step”</Value></KeyValueOfstringanyType><KeyValueOfstringanyType><Key>SubTitle</Key><Value i:type="a:string" xmlns:a="http://www.w3.org/2001/XMLSchema">AhnLab builds the cornerstone for your security with our malware analysis and threat response know-how</Value></KeyValueOfstringanyType><KeyValueOfstringanyType><Key>ImageOfText</Key><Value i:type="a:string" xmlns:a="http://www.w3.org/2001/XMLSchema">/Cms_Data/Contents/Ahnlab/Folders/Slider/~contents/BSDJSQFQDLUL76MQ/keyVisualImg_TEXT_en_6.png</Value></KeyValueOfstringanyType><KeyValueOfstringanyType><Key>BgImage</Key><Value i:type="a:string" xmlns:a="http://www.w3.org/2001/XMLSchema">/Cms_Data/Contents/Ahnlab/Folders/Slider/~contents/BSDJSQFQDLUL76MQ/keyVisualImg_en_6.jpg</Value></KeyValueOfstringanyType><KeyValueOfstringanyType><Key>BgColor</Key><Value i:type="a:string" xmlns:a="http://www.w3.org/2001/XMLSchema">5382ae</Value></KeyValueOfstringanyType><KeyValueOfstringanyType><Key>Link</Key><Value i:type="a:string" xmlns:a="http://www.w3.org/2001/XMLSchema">#</Value></KeyValueOfstringanyType><KeyValueOfstringanyType><Key>Published</Key><Value i:type="a:boolean" xmlns:a="http://www.w3.org/2001/XMLSchema">true</Value></KeyValueOfstringanyType><KeyValueOfstringanyType><Key>ParentFolder</Key><Value i:nil="true"/></KeyValueOfstringanyType><KeyValueOfstringanyType><Key>ParentUUID</Key><Value i:nil="true"/></KeyValueOfstringanyType><KeyValueOfstringanyType><Key>UserId</Key><Value i:type="a:string" xmlns:a="http://www.w3.org/2001/XMLSchema">admin</Value></KeyValueOfstringanyType><KeyValueOfstringanyType><Key>Sequence</Key><Value i:type="a:int" xmlns:a="http://www.w3.org/2001/XMLSchema">3</Value></KeyValueOfstringanyType><KeyValueOfstringanyType><Key>Order</Key><Value i:type="a:int" xmlns:a="http://www.w3.org/2001/XMLSchema">3</Value></KeyValueOfstringanyType><KeyValueOfstringanyType><Key>___EnableVersion___</Key><Value i:type="a:boolean" xmlns:a="http://www.w3.org/2001/XMLSchema">true</Value></KeyValueOfstringanyType></ArrayOfKeyValueOfstringanyType><ArrayOfKeyValueOfstringanyType><KeyValueOfstringanyType><Key>UserKey</Key><Value i:type="a:string" xmlns:a="http://www.w3.org/2001/XMLSchema">RE-SOLUTION-Security-with-Intelligence</Value></KeyValueOfstringanyType><KeyValueOfstringanyType><Key>Id</Key><Value i:type="a:string" xmlns:a="http://www.w3.org/2001/XMLSchema"/></KeyValueOfstringanyType><KeyValueOfstringanyType><Key>UtcCreationDate</Key><Value i:type="a:dateTime" xmlns:a="http://www.w3.org/2001/XMLSchema">2016-02-22T15:38:16.7696686+07:00</Value></KeyValueOfstringanyType><KeyValueOfstringanyType><Key>UtcLastModificationDate</Key><Value i:type="a:dateTime" xmlns:a="http://www.w3.org/2001/XMLSchema">2016-02-22T15:38:45.9577095+07:00</Value></KeyValueOfstringanyType><KeyValueOfstringanyType><Key>UUID</Key><Value i:type="a:string" xmlns:a="http://www.w3.org/2001/XMLSchema">4S92KD35SLT4FADF</Value></KeyValueOfstringanyType><KeyValueOfstringanyType><Key>Repository</Key><Value i:type="a:string" xmlns:a="http://www.w3.org/2001/XMLSchema">Ahnlab</Value></KeyValueOfstringanyType><KeyValueOfstringanyType><Key>FolderName</Key><Value i:type="a:string" xmlns:a="http://www.w3.org/2001/XMLSchema">Slider</Value></KeyValueOfstringanyType><KeyValueOfstringanyType><Key>SchemaName</Key><Value i:type="a:string" xmlns:a="http://www.w3.org/2001/XMLSchema">Slider</Value></KeyValueOfstringanyType><KeyValueOfstringanyType><Key>Title</Key><Value i:type="a:string" xmlns:a="http://www.w3.org/2001/XMLSchema">RE•SOLUTION: Security with Intelligence</Value></KeyValueOfstringanyType><KeyValueOfstringanyType><Key>SubTitle</Key><Value i:type="a:string" xmlns:a="http://www.w3.org/2001/XMLSchema">Time to change the perspective of security</Value></KeyValueOfstringanyType><KeyValueOfstringanyType><Key>Order</Key><Value i:type="a:int" xmlns:a="http://www.w3.org/2001/XMLSchema">4</Value></KeyValueOfstringanyType><KeyValueOfstringanyType><Key>ImageOfText</Key><Value i:type="a:string" xmlns:a="http://www.w3.org/2001/XMLSchema">/Cms_Data/Contents/Ahnlab/Folders/Slider/~contents/4S92KD35SLT4FADF/keyVisualImg_TEXT_en_7.png</Value></KeyValueOfstringanyType><KeyValueOfstringanyType><Key>BgImage</Key><Value i:type="a:string" xmlns:a="http://www.w3.org/2001/XMLSchema">/Cms_Data/Contents/Ahnlab/Folders/Slider/~contents/4S92KD35SLT4FADF/keyVisualImg_en_7.jpg</Value></KeyValueOfstringanyType><KeyValueOfstringanyType><Key>BgColor</Key><Value i:type="a:string" xmlns:a="http://www.w3.org/2001/XMLSchema">2a201b</Value></KeyValueOfstringanyType><KeyValueOfstringanyType><Key>Link</Key><Value i:type="a:string" xmlns:a="http://www.w3.org/2001/XMLSchema">#</Value></KeyValueOfstringanyType><KeyValueOfstringanyType><Key>Published</Key><Value i:type="a:boolean" xmlns:a="http://www.w3.org/2001/XMLSchema">true</Value></KeyValueOfstringanyType><KeyValueOfstringanyType><Key>ParentFolder</Key><Value i:nil="true"/></KeyValueOfstringanyType><KeyValueOfstringanyType><Key>ParentUUID</Key><Value i:nil="true"/></KeyValueOfstringanyType><KeyValueOfstringanyType><Key>UserId</Key><Value i:type="a:string" xmlns:a="http://www.w3.org/2001/XMLSchema">admin</Value></KeyValueOfstringanyType><KeyValueOfstringanyType><Key>Sequence</Key><Value i:type="a:int" xmlns:a="http://www.w3.org/2001/XMLSchema">4</Value></KeyValueOfstringanyType><KeyValueOfstringanyType><Key>___EnableVersion___</Key><Value i:type="a:boolean" xmlns:a="http://www.w3.org/2001/XMLSchema">true</Value></KeyValueOfstringanyType></ArrayOfKeyValueOfstringanyType><ArrayOfKeyValueOfstringanyType><KeyValueOfstringanyType><Key>UserKey</Key><Value i:type="a:string" xmlns:a="http://www.w3.org/2001/XMLSchema">Put-the-THREAT-on-the-spot</Value></KeyValueOfstringanyType><KeyValueOfstringanyType><Key>Id</Key><Value i:type="a:string" xmlns:a="http://www.w3.org/2001/XMLSchema"/></KeyValueOfstringanyType><KeyValueOfstringanyType><Key>UtcCreationDate</Key><Value i:type="a:dateTime" xmlns:a="http://www.w3.org/2001/XMLSchema">2016-02-22T15:40:20.1141665+07:00</Value></KeyValueOfstringanyType><KeyValueOfstringanyType><Key>UtcLastModificationDate</Key><Value i:type="a:dateTime" xmlns:a="http://www.w3.org/2001/XMLSchema">2016-02-22T15:40:20.1141665+07:00</Value></KeyValueOfstringanyType><KeyValueOfstringanyType><Key>UUID</Key><Value i:type="a:string" xmlns:a="http://www.w3.org/2001/XMLSchema">N3J2KGFECP48XNMZ</Value></KeyValueOfstringanyType><KeyValueOfstringanyType><Key>Repository</Key><Value i:type="a:string" xmlns:a="http://www.w3.org/2001/XMLSchema">Ahnlab</Value></KeyValueOfstringanyType><KeyValueOfstringanyType><Key>FolderName</Key><Value i:type="a:string" xmlns:a="http://www.w3.org/2001/XMLSchema">Slider</Value></KeyValueOfstringanyType><KeyValueOfstringanyType><Key>SchemaName</Key><Value i:type="a:string" xmlns:a="http://www.w3.org/2001/XMLSchema">Slider</Value></KeyValueOfstringanyType><KeyValueOfstringanyType><Key>Title</Key><Value i:type="a:string" xmlns:a="http://www.w3.org/2001/XMLSchema">Put the “THREAT” on the spot</Value></KeyValueOfstringanyType><KeyValueOfstringanyType><Key>SubTitle</Key><Value i:type="a:string" xmlns:a="http://www.w3.org/2001/XMLSchema">All eyes on Behaviors?</Value></KeyValueOfstringanyType><KeyValueOfstringanyType><Key>Order</Key><Value i:type="a:int" xmlns:a="http://www.w3.org/2001/XMLSchema">5</Value></KeyValueOfstringanyType><KeyValueOfstringanyType><Key>ImageOfText</Key><Value i:type="a:string" xmlns:a="http://www.w3.org/2001/XMLSchema">/Cms_Data/Contents/Ahnlab/Folders/Slider/~contents/N3J2KGFECP48XNMZ/keyVisualImg_TEXT_en_9.png</Value></KeyValueOfstringanyType><KeyValueOfstringanyType><Key>BgImage</Key><Value i:type="a:string" xmlns:a="http://www.w3.org/2001/XMLSchema">/Cms_Data/Contents/Ahnlab/Folders/Slider/~contents/N3J2KGFECP48XNMZ/keyVisualImg_en_9.jpg</Value></KeyValueOfstringanyType><KeyValueOfstringanyType><Key>BgColor</Key><Value i:type="a:string" xmlns:a="http://www.w3.org/2001/XMLSchema">0b0e14</Value></KeyValueOfstringanyType><KeyValueOfstringanyType><Key>Link</Key><Value i:type="a:string" xmlns:a="http://www.w3.org/2001/XMLSchema">#</Value></KeyValueOfstringanyType><KeyValueOfstringanyType><Key>Published</Key><Value i:type="a:boolean" xmlns:a="http://www.w3.org/2001/XMLSchema">true</Value></KeyValueOfstringanyType><KeyValueOfstringanyType><Key>ParentFolder</Key><Value i:nil="true"/></KeyValueOfstringanyType><KeyValueOfstringanyType><Key>ParentUUID</Key><Value i:nil="true"/></KeyValueOfstringanyType><KeyValueOfstringanyType><Key>UserId</Key><Value i:type="a:string" xmlns:a="http://www.w3.org/2001/XMLSchema">admin</Value></KeyValueOfstringanyType><KeyValueOfstringanyType><Key>Sequence</Key><Value i:type="a:int" xmlns:a="http://www.w3.org/2001/XMLSchema">5</Value></KeyValueOfstringanyType></ArrayOfKeyValueOfstringanyType><ArrayOfKeyValueOfstringanyType><KeyValueOfstringanyType><Key>UserKey</Key><Value i:type="a:string" xmlns:a="http://www.w3.org/2001/XMLSchema">-2015-Previews-amp-2016-Predictions-</Value></KeyValueOfstringanyType><KeyValueOfstringanyType><Key>Id</Key><Value i:type="a:string" xmlns:a="http://www.w3.org/2001/XMLSchema"/></KeyValueOfstringanyType><KeyValueOfstringanyType><Key>UtcCreationDate</Key><Value i:type="a:dateTime" xmlns:a="http://www.w3.org/2001/XMLSchema">2016-03-15T23:19:23.6312939+07:00</Value></KeyValueOfstringanyType><KeyValueOfstringanyType><Key>UtcLastModificationDate</Key><Value i:type="a:dateTime" xmlns:a="http://www.w3.org/2001/XMLSchema">2016-03-15T23:19:23.6312939+07:00</Value></KeyValueOfstringanyType><KeyValueOfstringanyType><Key>UUID</Key><Value i:type="a:string" xmlns:a="http://www.w3.org/2001/XMLSchema">CF9JW5A22QFTM57R</Value></KeyValueOfstringanyType><KeyValueOfstringanyType><Key>Repository</Key><Value i:type="a:string" xmlns:a="http://www.w3.org/2001/XMLSchema">Ahnlab</Value></KeyValueOfstringanyType><KeyValueOfstringanyType><Key>FolderName</Key><Value i:type="a:string" xmlns:a="http://www.w3.org/2001/XMLSchema">HomeBanner</Value></KeyValueOfstringanyType><KeyValueOfstringanyType><Key>SchemaName</Key><Value i:type="a:string" xmlns:a="http://www.w3.org/2001/XMLSchema">Slider</Value></KeyValueOfstringanyType><KeyValueOfstringanyType><Key>Title</Key><Value i:type="a:string" xmlns:a="http://www.w3.org/2001/XMLSchema">(2015 Previews &amp;amp; 2016 Predictions)</Value></KeyValueOfstringanyType><KeyValueOfstringanyType><Key>SubTitle</Key><Value i:type="a:string" xmlns:a="http://www.w3.org/2001/XMLSchema">(2015 Previews &amp; 2016 Predictions) View</Value></KeyValueOfstringanyType><KeyValueOfstringanyType><Key>Order</Key><Value i:type="a:int" xmlns:a="http://www.w3.org/2001/XMLSchema">1</Value></KeyValueOfstringanyType><KeyValueOfstringanyType><Key>ImageOfText</Key><Value i:type="a:string" xmlns:a="http://www.w3.org/2001/XMLSchema">/Cms_Data/Contents/Ahnlab/Folders/HomeBanner/~contents/CF9JW5A22QFTM57R/mainBannerImg_en_8.jpg</Value></KeyValueOfstringanyType><KeyValueOfstringanyType><Key>BgImage</Key><Value i:type="a:string" xmlns:a="http://www.w3.org/2001/XMLSchema"/></KeyValueOfstringanyType><KeyValueOfstringanyType><Key>BgColor</Key><Value i:type="a:string" xmlns:a="http://www.w3.org/2001/XMLSchema"/></KeyValueOfstringanyType><KeyValueOfstringanyType><Key>Link</Key><Value i:type="a:string" xmlns:a="http://www.w3.org/2001/XMLSchema">#</Value></KeyValueOfstringanyType><KeyValueOfstringanyType><Key>Published</Key><Value i:type="a:boolean" xmlns:a="http://www.w3.org/2001/XMLSchema">true</Value></KeyValueOfstringanyType><KeyValueOfstringanyType><Key>ParentFolder</Key><Value i:nil="true"/></KeyValueOfstringanyType><KeyValueOfstringanyType><Key>ParentUUID</Key><Value i:nil="true"/></KeyValueOfstringanyType><KeyValueOfstringanyType><Key>UserId</Key><Value i:type="a:string" xmlns:a="http://www.w3.org/2001/XMLSchema">admin</Value></KeyValueOfstringanyType><KeyValueOfstringanyType><Key>Sequence</Key><Value i:type="a:int" xmlns:a="http://www.w3.org/2001/XMLSchema">1</Value></KeyValueOfstringanyType></ArrayOfKeyValueOfstringanyType><ArrayOfKeyValueOfstringanyType><KeyValueOfstringanyType><Key>UserKey</Key><Value i:type="a:string" xmlns:a="http://www.w3.org/2001/XMLSchema">-AhnLab-MDS-</Value></KeyValueOfstringanyType><KeyValueOfstringanyType><Key>Id</Key><Value i:type="a:string" xmlns:a="http://www.w3.org/2001/XMLSchema"/></KeyValueOfstringanyType><KeyValueOfstringanyType><Key>UtcCreationDate</Key><Value i:type="a:dateTime" xmlns:a="http://www.w3.org/2001/XMLSchema">2016-03-15T16:20:28.5995687Z</Value></KeyValueOfstringanyType><KeyValueOfstringanyType><Key>UtcLastModificationDate</Key><Value i:type="a:dateTime" xmlns:a="http://www.w3.org/2001/XMLSchema">2016-03-15T16:20:28.5995687Z</Value></KeyValueOfstringanyType><KeyValueOfstringanyType><Key>UUID</Key><Value i:type="a:string" xmlns:a="http://www.w3.org/2001/XMLSchema">WTN24MEWKY5JBBYJ</Value></KeyValueOfstringanyType><KeyValueOfstringanyType><Key>Repository</Key><Value i:type="a:string" xmlns:a="http://www.w3.org/2001/XMLSchema">Ahnlab</Value></KeyValueOfstringanyType><KeyValueOfstringanyType><Key>FolderName</Key><Value i:type="a:string" xmlns:a="http://www.w3.org/2001/XMLSchema">HomeBanner</Value></KeyValueOfstringanyType><KeyValueOfstringanyType><Key>SchemaName</Key><Value i:type="a:string" xmlns:a="http://www.w3.org/2001/XMLSchema">Slider</Value></KeyValueOfstringanyType><KeyValueOfstringanyType><Key>Title</Key><Value i:type="a:string" xmlns:a="http://www.w3.org/2001/XMLSchema">(AhnLab MDS)</Value></KeyValueOfstringanyType><KeyValueOfstringanyType><Key>SubTitle</Key><Value i:type="a:string" xmlns:a="http://www.w3.org/2001/XMLSchema">(AhnLab MDS) View</Value></KeyValueOfstringanyType><KeyValueOfstringanyType><Key>Order</Key><Value i:type="a:int" xmlns:a="http://www.w3.org/2001/XMLSchema">2</Value></KeyValueOfstringanyType><KeyValueOfstringanyType><Key>ImageOfText</Key><Value i:type="a:string" xmlns:a="http://www.w3.org/2001/XMLSchema">/Cms_Data/Contents/Ahnlab/Folders/HomeBanner/~contents/WTN24MEWKY5JBBYJ/mainBannerImg_en_6.jpg</Value></KeyValueOfstringanyType><KeyValueOfstringanyType><Key>BgImage</Key><Value i:type="a:string" xmlns:a="http://www.w3.org/2001/XMLSchema"/></KeyValueOfstringanyType><KeyValueOfstringanyType><Key>BgColor</Key><Value i:type="a:string" xmlns:a="http://www.w3.org/2001/XMLSchema"/></KeyValueOfstringanyType><KeyValueOfstringanyType><Key>Link</Key><Value i:type="a:string" xmlns:a="http://www.w3.org/2001/XMLSchema">#</Value></KeyValueOfstringanyType><KeyValueOfstringanyType><Key>Published</Key><Value i:type="a:boolean" xmlns:a="http://www.w3.org/2001/XMLSchema">true</Value></KeyValueOfstringanyType><KeyValueOfstringanyType><Key>ParentFolder</Key><Value i:nil="true"/></KeyValueOfstringanyType><KeyValueOfstringanyType><Key>ParentUUID</Key><Value i:nil="true"/></KeyValueOfstringanyType><KeyValueOfstringanyType><Key>UserId</Key><Value i:type="a:string" xmlns:a="http://www.w3.org/2001/XMLSchema">admin</Value></KeyValueOfstringanyType><KeyValueOfstringanyType><Key>Sequence</Key><Value i:type="a:int" xmlns:a="http://www.w3.org/2001/XMLSchema">2</Value></KeyValueOfstringanyType></ArrayOfKeyValueOfstringanyType></ArrayOfArrayOfKeyValueOfstringanyType>