<ArrayOfArrayOfKeyValueOfstringanyType xmlns="http://schemas.microsoft.com/2003/10/Serialization/Arrays" xmlns:i="http://www.w3.org/2001/XMLSchema-instance">
  <ArrayOfKeyValueOfstringanyType>
    <KeyValueOfstringanyType>
      <Key>UserKey</Key>
      <Value i:type="a:string" xmlns:a="http://www.w3.org/2001/XMLSchema">V3-Internet-Security-8-0</Value>
    </KeyValueOfstringanyType>
    <KeyValueOfstringanyType>
      <Key>Id</Key>
      <Value i:type="a:string" xmlns:a="http://www.w3.org/2001/XMLSchema"/>
    </KeyValueOfstringanyType>
    <KeyValueOfstringanyType>
      <Key>UtcCreationDate</Key>
      <Value i:type="a:dateTime" xmlns:a="http://www.w3.org/2001/XMLSchema">2016-03-09T22:34:24.7631999+07:00</Value>
    </KeyValueOfstringanyType>
    <KeyValueOfstringanyType>
      <Key>UtcLastModificationDate</Key>
      <Value i:type="a:dateTime" xmlns:a="http://www.w3.org/2001/XMLSchema">2016-03-09T23:08:22.6062638+07:00</Value>
    </KeyValueOfstringanyType>
    <KeyValueOfstringanyType>
      <Key>UUID</Key>
      <Value i:type="a:string" xmlns:a="http://www.w3.org/2001/XMLSchema">LBH29B2KHDJ48XQ2</Value>
    </KeyValueOfstringanyType>
    <KeyValueOfstringanyType>
      <Key>Repository</Key>
      <Value i:type="a:string" xmlns:a="http://www.w3.org/2001/XMLSchema">Ahnlab</Value>
    </KeyValueOfstringanyType>
    <KeyValueOfstringanyType>
      <Key>FolderName</Key>
      <Value i:type="a:string" xmlns:a="http://www.w3.org/2001/XMLSchema">Download~FreeTrial</Value>
    </KeyValueOfstringanyType>
    <KeyValueOfstringanyType>
      <Key>SchemaName</Key>
      <Value i:type="a:string" xmlns:a="http://www.w3.org/2001/XMLSchema">Software</Value>
    </KeyValueOfstringanyType>
    <KeyValueOfstringanyType>
      <Key>Title</Key>
      <Value i:type="a:string" xmlns:a="http://www.w3.org/2001/XMLSchema">V3 Internet Security 8.0</Value>
    </KeyValueOfstringanyType>
    <KeyValueOfstringanyType>
      <Key>Category</Key>
      <Value i:type="a:string" xmlns:a="http://www.w3.org/2001/XMLSchema">Home and Business Desktop Protection</Value>
    </KeyValueOfstringanyType>
    <KeyValueOfstringanyType>
      <Key>SubTitle</Key>
      <Value i:type="a:string" xmlns:a="http://www.w3.org/2001/XMLSchema">AhnLab</Value>
    </KeyValueOfstringanyType>
    <KeyValueOfstringanyType>
      <Key>OS</Key>
      <Value i:type="a:string" xmlns:a="http://www.w3.org/2001/XMLSchema">Windows XP, Vista, 7</Value>
    </KeyValueOfstringanyType>
    <KeyValueOfstringanyType>
      <Key>Thumbnail</Key>
      <Value i:type="a:string" xmlns:a="http://www.w3.org/2001/XMLSchema">/Cms_Data/Contents/Ahnlab/Folders/Download/FreeTrial/~contents/LBH29B2KHDJ48XQ2/img_pro_share01.jpg</Value>
    </KeyValueOfstringanyType>
    <KeyValueOfstringanyType>
      <Key>Link</Key>
      <Value i:type="a:string" xmlns:a="http://www.w3.org/2001/XMLSchema">http://provide.ahnlab.com/global/en/trial/AhnLab V3 Internet Security 8.0.exe</Value>
    </KeyValueOfstringanyType>
    <KeyValueOfstringanyType>
      <Key>Published</Key>
      <Value i:type="a:boolean" xmlns:a="http://www.w3.org/2001/XMLSchema">true</Value>
    </KeyValueOfstringanyType>
    <KeyValueOfstringanyType>
      <Key>ParentFolder</Key>
      <Value i:type="a:string" xmlns:a="http://www.w3.org/2001/XMLSchema">Product</Value>
    </KeyValueOfstringanyType>
    <KeyValueOfstringanyType>
      <Key>ParentUUID</Key>
      <Value i:type="a:string" xmlns:a="http://www.w3.org/2001/XMLSchema">YRQ2UCXGJPQLWHWB</Value>
    </KeyValueOfstringanyType>
    <KeyValueOfstringanyType>
      <Key>UserId</Key>
      <Value i:type="a:string" xmlns:a="http://www.w3.org/2001/XMLSchema">admin</Value>
    </KeyValueOfstringanyType>
    <KeyValueOfstringanyType>
      <Key>Sequence</Key>
      <Value i:type="a:int" xmlns:a="http://www.w3.org/2001/XMLSchema">1</Value>
    </KeyValueOfstringanyType>
    <KeyValueOfstringanyType>
      <Key>Order</Key>
      <Value i:type="a:string" xmlns:a="http://www.w3.org/2001/XMLSchema">1</Value>
    </KeyValueOfstringanyType>
    <KeyValueOfstringanyType>
      <Key>___EnableVersion___</Key>
      <Value i:type="a:boolean" xmlns:a="http://www.w3.org/2001/XMLSchema">true</Value>
    </KeyValueOfstringanyType>
  </ArrayOfKeyValueOfstringanyType>
  <ArrayOfKeyValueOfstringanyType>
    <KeyValueOfstringanyType>
      <Key>UserKey</Key>
      <Value i:type="a:string" xmlns:a="http://www.w3.org/2001/XMLSchema">V3-Net-For-Windows-Server-7-0</Value>
    </KeyValueOfstringanyType>
    <KeyValueOfstringanyType>
      <Key>Id</Key>
      <Value i:type="a:string" xmlns:a="http://www.w3.org/2001/XMLSchema"/>
    </KeyValueOfstringanyType>
    <KeyValueOfstringanyType>
      <Key>UtcCreationDate</Key>
      <Value i:type="a:dateTime" xmlns:a="http://www.w3.org/2001/XMLSchema">2016-03-09T15:39:54.0967461Z</Value>
    </KeyValueOfstringanyType>
    <KeyValueOfstringanyType>
      <Key>UtcLastModificationDate</Key>
      <Value i:type="a:dateTime" xmlns:a="http://www.w3.org/2001/XMLSchema">2016-03-09T16:08:27.2402686Z</Value>
    </KeyValueOfstringanyType>
    <KeyValueOfstringanyType>
      <Key>UUID</Key>
      <Value i:type="a:string" xmlns:a="http://www.w3.org/2001/XMLSchema">7ZV2K9U7Z6NBQ9NH</Value>
    </KeyValueOfstringanyType>
    <KeyValueOfstringanyType>
      <Key>Repository</Key>
      <Value i:type="a:string" xmlns:a="http://www.w3.org/2001/XMLSchema">Ahnlab</Value>
    </KeyValueOfstringanyType>
    <KeyValueOfstringanyType>
      <Key>FolderName</Key>
      <Value i:type="a:string" xmlns:a="http://www.w3.org/2001/XMLSchema">Download~FreeTrial</Value>
    </KeyValueOfstringanyType>
    <KeyValueOfstringanyType>
      <Key>SchemaName</Key>
      <Value i:type="a:string" xmlns:a="http://www.w3.org/2001/XMLSchema">Software</Value>
    </KeyValueOfstringanyType>
    <KeyValueOfstringanyType>
      <Key>Title</Key>
      <Value i:type="a:string" xmlns:a="http://www.w3.org/2001/XMLSchema">V3 Net For Windows Server 7.0</Value>
    </KeyValueOfstringanyType>
    <KeyValueOfstringanyType>
      <Key>Category</Key>
      <Value i:type="a:string" xmlns:a="http://www.w3.org/2001/XMLSchema">Server Protection</Value>
    </KeyValueOfstringanyType>
    <KeyValueOfstringanyType>
      <Key>SubTitle</Key>
      <Value i:type="a:string" xmlns:a="http://www.w3.org/2001/XMLSchema"/>
    </KeyValueOfstringanyType>
    <KeyValueOfstringanyType>
      <Key>OS</Key>
      <Value i:type="a:string" xmlns:a="http://www.w3.org/2001/XMLSchema">Windows 2000 Server Advanced Server/Data Center Windows 2003/2008 Server</Value>
    </KeyValueOfstringanyType>
    <KeyValueOfstringanyType>
      <Key>Thumbnail</Key>
      <Value i:type="a:string" xmlns:a="http://www.w3.org/2001/XMLSchema">/Cms_Data/Contents/Ahnlab/Folders/Download/FreeTrial/~contents/7ZV2K9U7Z6NBQ9NH/img_pro_share02.jpg</Value>
    </KeyValueOfstringanyType>
    <KeyValueOfstringanyType>
      <Key>Link</Key>
      <Value i:type="a:string" xmlns:a="http://www.w3.org/2001/XMLSchema">http://provide.ahnlab.com/global/en/trial/AhnLab V3Net for Windows Server 7.0.exe</Value>
    </KeyValueOfstringanyType>
    <KeyValueOfstringanyType>
      <Key>Published</Key>
      <Value i:type="a:boolean" xmlns:a="http://www.w3.org/2001/XMLSchema">true</Value>
    </KeyValueOfstringanyType>
    <KeyValueOfstringanyType>
      <Key>ParentFolder</Key>
      <Value i:type="a:string" xmlns:a="http://www.w3.org/2001/XMLSchema">Product</Value>
    </KeyValueOfstringanyType>
    <KeyValueOfstringanyType>
      <Key>ParentUUID</Key>
      <Value i:type="a:string" xmlns:a="http://www.w3.org/2001/XMLSchema">XDBJMYR35987YPFR</Value>
    </KeyValueOfstringanyType>
    <KeyValueOfstringanyType>
      <Key>UserId</Key>
      <Value i:type="a:string" xmlns:a="http://www.w3.org/2001/XMLSchema">admin</Value>
    </KeyValueOfstringanyType>
    <KeyValueOfstringanyType>
      <Key>Sequence</Key>
      <Value i:type="a:int" xmlns:a="http://www.w3.org/2001/XMLSchema">2</Value>
    </KeyValueOfstringanyType>
    <KeyValueOfstringanyType>
      <Key>Order</Key>
      <Value i:type="a:string" xmlns:a="http://www.w3.org/2001/XMLSchema">2</Value>
    </KeyValueOfstringanyType>
    <KeyValueOfstringanyType>
      <Key>___EnableVersion___</Key>
      <Value i:type="a:boolean" xmlns:a="http://www.w3.org/2001/XMLSchema">true</Value>
    </KeyValueOfstringanyType>
  </ArrayOfKeyValueOfstringanyType>
</ArrayOfArrayOfKeyValueOfstringanyType>