<ArrayOfArrayOfKeyValueOfstringanyType xmlns="http://schemas.microsoft.com/2003/10/Serialization/Arrays" xmlns:i="http://www.w3.org/2001/XMLSchema-instance"><ArrayOfKeyValueOfstringanyType><KeyValueOfstringanyType><Key>UserKey</Key><Value i:type="a:string" xmlns:a="http://www.w3.org/2001/XMLSchema">Trojan-Win32-Upatre-R165831</Value></KeyValueOfstringanyType><KeyValueOfstringanyType><Key>Id</Key><Value i:type="a:string" xmlns:a="http://www.w3.org/2001/XMLSchema"/></KeyValueOfstringanyType><KeyValueOfstringanyType><Key>UtcCreationDate</Key><Value i:type="a:dateTime" xmlns:a="http://www.w3.org/2001/XMLSchema">2016-03-14T17:56:25.7527988+07:00</Value></KeyValueOfstringanyType><KeyValueOfstringanyType><Key>UtcLastModificationDate</Key><Value i:type="a:dateTime" xmlns:a="http://www.w3.org/2001/XMLSchema">2016-03-14T17:56:25.7527988+07:00</Value></KeyValueOfstringanyType><KeyValueOfstringanyType><Key>UUID</Key><Value i:type="a:string" xmlns:a="http://www.w3.org/2001/XMLSchema">TGF22434QE22H9J4</Value></KeyValueOfstringanyType><KeyValueOfstringanyType><Key>Repository</Key><Value i:type="a:string" xmlns:a="http://www.w3.org/2001/XMLSchema">Ahnlab</Value></KeyValueOfstringanyType><KeyValueOfstringanyType><Key>FolderName</Key><Value i:type="a:string" xmlns:a="http://www.w3.org/2001/XMLSchema">Security~Virus</Value></KeyValueOfstringanyType><KeyValueOfstringanyType><Key>SchemaName</Key><Value i:type="a:string" xmlns:a="http://www.w3.org/2001/XMLSchema">Virus</Value></KeyValueOfstringanyType><KeyValueOfstringanyType><Key>Name</Key><Value i:type="a:string" xmlns:a="http://www.w3.org/2001/XMLSchema">Trojan/Win32.Upatre.R165831</Value></KeyValueOfstringanyType><KeyValueOfstringanyType><Key>Risk</Key><Value i:type="a:string" xmlns:a="http://www.w3.org/2001/XMLSchema">High</Value></KeyValueOfstringanyType><KeyValueOfstringanyType><Key>DetailInfo</Key><Value i:type="a:string" xmlns:a="http://www.w3.org/2001/XMLSchema">&lt;h3 class="blind"&gt;Detail Information&lt;/h3&gt;
&lt;p&gt;&lt;b&gt;&lt;span style="color: #ffaa00;"&gt;* Method of Infection&lt;/span&gt;&lt;/b&gt;&lt;/p&gt;
&lt;p&gt;This malware does not self-propagate. It is likely that the system could be infected when a user downloads an executable file from email, messenger, board, and download centers and run the file. Or, it is possible that it is installed by other malicious codes (worms, viruses and trojan horses).&lt;/p&gt;
&lt;p&gt;&lt;span style="color: #0075c8;"&gt;[Explorer.exe Injection]&lt;/span&gt;&lt;/p&gt;
&lt;p&gt;Injects malicious code in svchost.exe process and executes.&lt;/p&gt;
&lt;p&gt;&amp;nbsp;&lt;/p&gt;
&lt;p&gt;&lt;span style="color: #0075c8;"&gt;[Self-Delete itself]&lt;/span&gt;&lt;/p&gt;
&lt;p&gt;Injected svchost.exe delete original file&lt;/p&gt;
&lt;p&gt;&amp;nbsp;&lt;/p&gt;
&lt;p&gt;&lt;span style="color: #0075c8;"&gt;[Downloading Files]&lt;/span&gt;&lt;/p&gt;
&lt;p&gt;The malware tries to download malicious files from following site(s):&lt;/p&gt;
&lt;p&gt;&lt;span style="color: #009e25;"&gt;4*.6*.1**.1*:443&amp;nbsp;&lt;/span&gt;&lt;/p&gt;
&lt;p&gt;*9.**2.1*.20*:443&lt;/p&gt;
&lt;p&gt;19*.14*.*0.1**:443&lt;/p&gt;
&lt;p&gt;Note) Addresses have been partially omitted with *s.&lt;/p&gt;
&lt;p&gt;&amp;nbsp;&lt;/p&gt;</Value></KeyValueOfstringanyType><KeyValueOfstringanyType><Key>SystemRisk</Key><Value i:type="a:string" xmlns:a="http://www.w3.org/2001/XMLSchema">High</Value></KeyValueOfstringanyType><KeyValueOfstringanyType><Key>NetworkRisk</Key><Value i:type="a:string" xmlns:a="http://www.w3.org/2001/XMLSchema">High</Value></KeyValueOfstringanyType><KeyValueOfstringanyType><Key>SpreadRisk</Key><Value i:type="a:string" xmlns:a="http://www.w3.org/2001/XMLSchema">High</Value></KeyValueOfstringanyType><KeyValueOfstringanyType><Key>CurrentSpreadLevel</Key><Value i:type="a:string" xmlns:a="http://www.w3.org/2001/XMLSchema">Unknown</Value></KeyValueOfstringanyType><KeyValueOfstringanyType><Key>Aliases</Key><Value i:type="a:string" xmlns:a="http://www.w3.org/2001/XMLSchema">TrojanDownloader:Win32/Upatre</Value></KeyValueOfstringanyType><KeyValueOfstringanyType><Key>CreatedFile</Key><Value i:type="a:string" xmlns:a="http://www.w3.org/2001/XMLSchema"/></KeyValueOfstringanyType><KeyValueOfstringanyType><Key>Activity</Key><Value i:type="a:string" xmlns:a="http://www.w3.org/2001/XMLSchema">File</Value></KeyValueOfstringanyType><KeyValueOfstringanyType><Key>Platform</Key><Value i:type="a:string" xmlns:a="http://www.w3.org/2001/XMLSchema">Windows</Value></KeyValueOfstringanyType><KeyValueOfstringanyType><Key>Origin</Key><Value i:type="a:string" xmlns:a="http://www.w3.org/2001/XMLSchema">Country Code</Value></KeyValueOfstringanyType><KeyValueOfstringanyType><Key>InfectionRoute</Key><Value i:type="a:string" xmlns:a="http://www.w3.org/2001/XMLSchema">File Execution, Mail</Value></KeyValueOfstringanyType><KeyValueOfstringanyType><Key>InfectionMethod</Key><Value i:type="a:string" xmlns:a="http://www.w3.org/2001/XMLSchema">Executable File</Value></KeyValueOfstringanyType><KeyValueOfstringanyType><Key>DateDiscovered</Key><Value i:type="a:string" xmlns:a="http://www.w3.org/2001/XMLSchema">Unknown</Value></KeyValueOfstringanyType><KeyValueOfstringanyType><Key>Instructions</Key><Value i:type="a:string" xmlns:a="http://www.w3.org/2001/XMLSchema">&lt;p&gt;You can scan this virus with the latest Engine&amp;nbsp; &lt;br /&gt; You can cure this virus with the latest Engine &lt;/p&gt;</Value></KeyValueOfstringanyType><KeyValueOfstringanyType><Key>Summary</Key><Value i:type="a:string" xmlns:a="http://www.w3.org/2001/XMLSchema">&lt;p&gt;&lt;span style="color: #ff0000;"&gt;Trojan/Win32.Upatre.R165831&lt;/span&gt; is a trojan, which creates the specific file(s). The malicious codes is attached in E-mail and spread to users and it uses fake PDF icon to deceive users. It tries to download a file from a specific network connection.&lt;/p&gt;</Value></KeyValueOfstringanyType><KeyValueOfstringanyType><Key>Published</Key><Value i:type="a:boolean" xmlns:a="http://www.w3.org/2001/XMLSchema">true</Value></KeyValueOfstringanyType><KeyValueOfstringanyType><Key>ParentFolder</Key><Value i:nil="true"/></KeyValueOfstringanyType><KeyValueOfstringanyType><Key>ParentUUID</Key><Value i:nil="true"/></KeyValueOfstringanyType><KeyValueOfstringanyType><Key>UserId</Key><Value i:type="a:string" xmlns:a="http://www.w3.org/2001/XMLSchema">admin</Value></KeyValueOfstringanyType><KeyValueOfstringanyType><Key>Sequence</Key><Value i:type="a:int" xmlns:a="http://www.w3.org/2001/XMLSchema">2</Value></KeyValueOfstringanyType></ArrayOfKeyValueOfstringanyType><ArrayOfKeyValueOfstringanyType><KeyValueOfstringanyType><Key>UserKey</Key><Value i:type="a:string" xmlns:a="http://www.w3.org/2001/XMLSchema">Trojan-Win32-Banki-C1317069</Value></KeyValueOfstringanyType><KeyValueOfstringanyType><Key>Id</Key><Value i:type="a:string" xmlns:a="http://www.w3.org/2001/XMLSchema"/></KeyValueOfstringanyType><KeyValueOfstringanyType><Key>UtcCreationDate</Key><Value i:type="a:dateTime" xmlns:a="http://www.w3.org/2001/XMLSchema">2016-03-14T10:58:48.5854862Z</Value></KeyValueOfstringanyType><KeyValueOfstringanyType><Key>UtcLastModificationDate</Key><Value i:type="a:dateTime" xmlns:a="http://www.w3.org/2001/XMLSchema">2016-03-17T08:20:26.1748178Z</Value></KeyValueOfstringanyType><KeyValueOfstringanyType><Key>UUID</Key><Value i:type="a:string" xmlns:a="http://www.w3.org/2001/XMLSchema">FW4277A5NBRU958L</Value></KeyValueOfstringanyType><KeyValueOfstringanyType><Key>Repository</Key><Value i:type="a:string" xmlns:a="http://www.w3.org/2001/XMLSchema">Ahnlab</Value></KeyValueOfstringanyType><KeyValueOfstringanyType><Key>FolderName</Key><Value i:type="a:string" xmlns:a="http://www.w3.org/2001/XMLSchema">Security~Virus</Value></KeyValueOfstringanyType><KeyValueOfstringanyType><Key>SchemaName</Key><Value i:type="a:string" xmlns:a="http://www.w3.org/2001/XMLSchema">Virus</Value></KeyValueOfstringanyType><KeyValueOfstringanyType><Key>Name</Key><Value i:type="a:string" xmlns:a="http://www.w3.org/2001/XMLSchema">Trojan/Win32.Banki.C1317069</Value></KeyValueOfstringanyType><KeyValueOfstringanyType><Key>Risk</Key><Value i:type="a:string" xmlns:a="http://www.w3.org/2001/XMLSchema">High</Value></KeyValueOfstringanyType><KeyValueOfstringanyType><Key>DetailInfo</Key><Value i:type="a:string" xmlns:a="http://www.w3.org/2001/XMLSchema">&lt;h3 class="blind"&gt;Detail Information&lt;/h3&gt;
&lt;p&gt;&lt;b&gt;&lt;span style="color: #ffaa00;"&gt;* Method of Infection&lt;/span&gt;&lt;/b&gt;&lt;/p&gt;
&lt;p&gt;This malware does not self-propagate. It is likely that the system could be infected when a user downloads an executable file from email, messenger, board, and download centers and run the file. Or, it is possible that it is installed by other malicious codes (worms, viruses and trojan horses).&lt;/p&gt;
&lt;p&gt;&amp;nbsp;&lt;/p&gt;
&lt;p&gt;&lt;b&gt;&lt;span style="color: #ffaa00;"&gt;* Symptoms after Execution&lt;/span&gt;&lt;/b&gt;&lt;/p&gt;
&lt;p&gt;This malware changes the start page of the Web browser to '&lt;a target="_self" href="http://www.n ** e * .com"&gt;www.n&amp;nbsp;** e * .com&lt;/a&gt;' and steals public key certificates stored in the system. It also modifies hosts and hosts.ics files to redirect users to fake websites for pharming.&lt;/p&gt;
&lt;p&gt;&amp;nbsp;&lt;/p&gt;
&lt;p&gt;&lt;span style="color: #0075c8;"&gt;[File Modifications]&lt;/span&gt;&lt;/p&gt;
&lt;p&gt;Files in the following paths are modified:&lt;/p&gt;
&lt;p&gt;-&lt;span style="white-space: pre;" class="Apple-tab-span"&gt; &lt;/span&gt;c:\windows\system32\drivers\etc\hosts&lt;/p&gt;
&lt;p&gt;-&lt;span style="white-space: pre;" class="Apple-tab-span"&gt; &lt;/span&gt;c:\windows\system32\drivers\etc\hosts.ics&lt;/p&gt;
&lt;p&gt;The contents of the files include a list of domain names of major Korean banks and IP addresses of the attackers.&lt;/p&gt;
&lt;p&gt;&amp;nbsp;&lt;/p&gt;
&lt;p&gt;&lt;span style="color: #0075c8;"&gt;[Modifications on Windows Registry]&lt;/span&gt;&lt;/p&gt;
&lt;p&gt;This malware adds the following value on Windows registry to be executed whenever Windows starts.&lt;/p&gt;
&lt;p&gt;-&lt;span style="white-space: pre;" class="Apple-tab-span"&gt; &lt;/span&gt;KEY: HKEY_LOCAL_MACHINE\Software\Microsoft\Windows\CurrentVersion\Run\[8 Digits of Random Numbers]&lt;/p&gt;
&lt;p&gt;-&lt;span style="white-space: pre;" class="Apple-tab-span"&gt; &lt;/span&gt;DATA: [The Path of the Malware Executed]&lt;/p&gt;
&lt;p&gt;&amp;nbsp;&lt;/p&gt;
&lt;p&gt;It also changes the start page of the Web browser by adding the following value and key.&lt;/p&gt;
&lt;p&gt;-&lt;span style="white-space: pre;" class="Apple-tab-span"&gt; &lt;/span&gt;KEY: HKEY_CURRENT_USER\Software\Microsoft\Internet Explorer\Main\Start Page&lt;/p&gt;
&lt;p&gt;-&lt;span style="white-space: pre;" class="Apple-tab-span"&gt; &lt;/span&gt;DATA:&amp;nbsp;&lt;a href="http://www.n%2A%2Ae%2A.com/"&gt;www.n**e*.com&lt;/a&gt;&lt;/p&gt;
&lt;p&gt;&amp;nbsp;&lt;/p&gt;
&lt;p&gt;&lt;span style="color: #0075c8;"&gt;[Network Connections]&amp;nbsp;&lt;/span&gt;&lt;/p&gt;
&lt;p&gt;This malware transfers user's private information or keystrokes to the following IP address:&amp;nbsp;&lt;/p&gt;
&lt;p&gt;-&lt;span style="white-space: pre;" class="Apple-tab-span"&gt; &lt;/span&gt;112.1*5.42.9*&lt;/p&gt;
&lt;p&gt;Note) Addresses have been partially omitted with *s.&lt;/p&gt;
&lt;p&gt;&amp;nbsp;​&amp;nbsp;&lt;/p&gt;</Value></KeyValueOfstringanyType><KeyValueOfstringanyType><Key>SystemRisk</Key><Value i:type="a:string" xmlns:a="http://www.w3.org/2001/XMLSchema">High</Value></KeyValueOfstringanyType><KeyValueOfstringanyType><Key>NetworkRisk</Key><Value i:type="a:string" xmlns:a="http://www.w3.org/2001/XMLSchema">High</Value></KeyValueOfstringanyType><KeyValueOfstringanyType><Key>SpreadRisk</Key><Value i:type="a:string" xmlns:a="http://www.w3.org/2001/XMLSchema">High</Value></KeyValueOfstringanyType><KeyValueOfstringanyType><Key>CurrentSpreadLevel</Key><Value i:type="a:string" xmlns:a="http://www.w3.org/2001/XMLSchema">Unknown</Value></KeyValueOfstringanyType><KeyValueOfstringanyType><Key>Aliases</Key><Value i:type="a:string" xmlns:a="http://www.w3.org/2001/XMLSchema">Trojan.GenericKD.2978228, TR/Crypt.PEPM.Gen, VirTool:Win32/Injector.HY</Value></KeyValueOfstringanyType><KeyValueOfstringanyType><Key>CreatedFile</Key><Value i:type="a:string" xmlns:a="http://www.w3.org/2001/XMLSchema"/></KeyValueOfstringanyType><KeyValueOfstringanyType><Key>Activity</Key><Value i:type="a:string" xmlns:a="http://www.w3.org/2001/XMLSchema">Browser Homepage Change, Information Leakage</Value></KeyValueOfstringanyType><KeyValueOfstringanyType><Key>Platform</Key><Value i:type="a:string" xmlns:a="http://www.w3.org/2001/XMLSchema">Windows</Value></KeyValueOfstringanyType><KeyValueOfstringanyType><Key>Origin</Key><Value i:type="a:string" xmlns:a="http://www.w3.org/2001/XMLSchema">Country Code</Value></KeyValueOfstringanyType><KeyValueOfstringanyType><Key>InfectionRoute</Key><Value i:type="a:string" xmlns:a="http://www.w3.org/2001/XMLSchema">Mail, Network, Download, Vulnerability</Value></KeyValueOfstringanyType><KeyValueOfstringanyType><Key>InfectionMethod</Key><Value i:type="a:string" xmlns:a="http://www.w3.org/2001/XMLSchema">Unknown</Value></KeyValueOfstringanyType><KeyValueOfstringanyType><Key>DateDiscovered</Key><Value i:type="a:string" xmlns:a="http://www.w3.org/2001/XMLSchema">Unknown</Value></KeyValueOfstringanyType><KeyValueOfstringanyType><Key>Instructions</Key><Value i:type="a:string" xmlns:a="http://www.w3.org/2001/XMLSchema">&lt;p&gt;You can scan this virus with the latest Engine&lt;/p&gt;
&lt;p&gt;You can cure this virus with the latest Engine&lt;/p&gt;</Value></KeyValueOfstringanyType><KeyValueOfstringanyType><Key>Summary</Key><Value i:type="a:string" xmlns:a="http://www.w3.org/2001/XMLSchema">&lt;p&gt;&lt;span id="husky_bookmark_end_1452834992295"&gt;&lt;/span&gt;&lt;span style="color: #ff0000;"&gt;Trojan/Win32.Banki.C1317069&lt;/span&gt; uses pharming techniques and steals users' financial information including public key certificates.​&lt;/p&gt;</Value></KeyValueOfstringanyType><KeyValueOfstringanyType><Key>Published</Key><Value i:type="a:boolean" xmlns:a="http://www.w3.org/2001/XMLSchema">true</Value></KeyValueOfstringanyType><KeyValueOfstringanyType><Key>ParentFolder</Key><Value i:nil="true"/></KeyValueOfstringanyType><KeyValueOfstringanyType><Key>ParentUUID</Key><Value i:nil="true"/></KeyValueOfstringanyType><KeyValueOfstringanyType><Key>UserId</Key><Value i:type="a:string" xmlns:a="http://www.w3.org/2001/XMLSchema">admin</Value></KeyValueOfstringanyType><KeyValueOfstringanyType><Key>Sequence</Key><Value i:type="a:int" xmlns:a="http://www.w3.org/2001/XMLSchema">3</Value></KeyValueOfstringanyType><KeyValueOfstringanyType><Key>Protection</Key><Value i:type="a:string" xmlns:a="http://www.w3.org/2001/XMLSchema"/></KeyValueOfstringanyType><KeyValueOfstringanyType><Key>OtherInfo</Key><Value i:type="a:string" xmlns:a="http://www.w3.org/2001/XMLSchema"/></KeyValueOfstringanyType><KeyValueOfstringanyType><Key>___EnableVersion___</Key><Value i:type="a:boolean" xmlns:a="http://www.w3.org/2001/XMLSchema">true</Value></KeyValueOfstringanyType></ArrayOfKeyValueOfstringanyType></ArrayOfArrayOfKeyValueOfstringanyType>