﻿<VersionInfo xmlns:i="http://www.w3.org/2001/XMLSchema-instance" xmlns="http://schemas.datacontract.org/2004/07/Kooboo.CMS.Content.Versioning">
	<CommitUser>admin</CommitUser>
	<UtcCommitDate>2016-03-14T17:56:25.7527988+07:00</UtcCommitDate>
	<TextContent xmlns:d2p1="http://schemas.microsoft.com/2003/10/Serialization/Arrays">
		<d2p1:KeyValueOfstringanyType>
			<d2p1:Key>UserKey</d2p1:Key>
			<d2p1:Value xmlns:d4p1="http://www.w3.org/2001/XMLSchema" i:type="d4p1:string">Trojan-Win32-Upatre-R165831</d2p1:Value>
		</d2p1:KeyValueOfstringanyType>
		<d2p1:KeyValueOfstringanyType>
			<d2p1:Key>Id</d2p1:Key>
			<d2p1:Value xmlns:d4p1="http://www.w3.org/2001/XMLSchema" i:type="d4p1:string"></d2p1:Value>
		</d2p1:KeyValueOfstringanyType>
		<d2p1:KeyValueOfstringanyType>
			<d2p1:Key>UtcCreationDate</d2p1:Key>
			<d2p1:Value xmlns:d4p1="http://www.w3.org/2001/XMLSchema" i:type="d4p1:dateTime">2016-03-14T17:56:25.7527988+07:00</d2p1:Value>
		</d2p1:KeyValueOfstringanyType>
		<d2p1:KeyValueOfstringanyType>
			<d2p1:Key>UtcLastModificationDate</d2p1:Key>
			<d2p1:Value xmlns:d4p1="http://www.w3.org/2001/XMLSchema" i:type="d4p1:dateTime">2016-03-14T17:56:25.7527988+07:00</d2p1:Value>
		</d2p1:KeyValueOfstringanyType>
		<d2p1:KeyValueOfstringanyType>
			<d2p1:Key>UUID</d2p1:Key>
			<d2p1:Value xmlns:d4p1="http://www.w3.org/2001/XMLSchema" i:type="d4p1:string">TGF22434QE22H9J4</d2p1:Value>
		</d2p1:KeyValueOfstringanyType>
		<d2p1:KeyValueOfstringanyType>
			<d2p1:Key>Repository</d2p1:Key>
			<d2p1:Value xmlns:d4p1="http://www.w3.org/2001/XMLSchema" i:type="d4p1:string">Ahnlab</d2p1:Value>
		</d2p1:KeyValueOfstringanyType>
		<d2p1:KeyValueOfstringanyType>
			<d2p1:Key>FolderName</d2p1:Key>
			<d2p1:Value xmlns:d4p1="http://www.w3.org/2001/XMLSchema" i:type="d4p1:string">Security~Virus</d2p1:Value>
		</d2p1:KeyValueOfstringanyType>
		<d2p1:KeyValueOfstringanyType>
			<d2p1:Key>SchemaName</d2p1:Key>
			<d2p1:Value xmlns:d4p1="http://www.w3.org/2001/XMLSchema" i:type="d4p1:string">Virus</d2p1:Value>
		</d2p1:KeyValueOfstringanyType>
		<d2p1:KeyValueOfstringanyType>
			<d2p1:Key>Name</d2p1:Key>
			<d2p1:Value xmlns:d4p1="http://www.w3.org/2001/XMLSchema" i:type="d4p1:string">Trojan/Win32.Upatre.R165831</d2p1:Value>
		</d2p1:KeyValueOfstringanyType>
		<d2p1:KeyValueOfstringanyType>
			<d2p1:Key>Risk</d2p1:Key>
			<d2p1:Value xmlns:d4p1="http://www.w3.org/2001/XMLSchema" i:type="d4p1:string">High</d2p1:Value>
		</d2p1:KeyValueOfstringanyType>
		<d2p1:KeyValueOfstringanyType>
			<d2p1:Key>DetailInfo</d2p1:Key>
			<d2p1:Value xmlns:d4p1="http://www.w3.org/2001/XMLSchema" i:type="d4p1:string">&lt;h3 class="blind"&gt;Detail Information&lt;/h3&gt;
&lt;p&gt;&lt;b&gt;&lt;span style="color: #ffaa00;"&gt;* Method of Infection&lt;/span&gt;&lt;/b&gt;&lt;/p&gt;
&lt;p&gt;This malware does not self-propagate. It is likely that the system could be infected when a user downloads an executable file from email, messenger, board, and download centers and run the file. Or, it is possible that it is installed by other malicious codes (worms, viruses and trojan horses).&lt;/p&gt;
&lt;p&gt;&lt;span style="color: #0075c8;"&gt;[Explorer.exe Injection]&lt;/span&gt;&lt;/p&gt;
&lt;p&gt;Injects malicious code in svchost.exe process and executes.&lt;/p&gt;
&lt;p&gt;&amp;nbsp;&lt;/p&gt;
&lt;p&gt;&lt;span style="color: #0075c8;"&gt;[Self-Delete itself]&lt;/span&gt;&lt;/p&gt;
&lt;p&gt;Injected svchost.exe delete original file&lt;/p&gt;
&lt;p&gt;&amp;nbsp;&lt;/p&gt;
&lt;p&gt;&lt;span style="color: #0075c8;"&gt;[Downloading Files]&lt;/span&gt;&lt;/p&gt;
&lt;p&gt;The malware tries to download malicious files from following site(s):&lt;/p&gt;
&lt;p&gt;&lt;span style="color: #009e25;"&gt;4*.6*.1**.1*:443&amp;nbsp;&lt;/span&gt;&lt;/p&gt;
&lt;p&gt;*9.**2.1*.20*:443&lt;/p&gt;
&lt;p&gt;19*.14*.*0.1**:443&lt;/p&gt;
&lt;p&gt;Note) Addresses have been partially omitted with *s.&lt;/p&gt;
&lt;p&gt;&amp;nbsp;&lt;/p&gt;</d2p1:Value>
		</d2p1:KeyValueOfstringanyType>
		<d2p1:KeyValueOfstringanyType>
			<d2p1:Key>SystemRisk</d2p1:Key>
			<d2p1:Value xmlns:d4p1="http://www.w3.org/2001/XMLSchema" i:type="d4p1:string">High</d2p1:Value>
		</d2p1:KeyValueOfstringanyType>
		<d2p1:KeyValueOfstringanyType>
			<d2p1:Key>NetworkRisk</d2p1:Key>
			<d2p1:Value xmlns:d4p1="http://www.w3.org/2001/XMLSchema" i:type="d4p1:string">High</d2p1:Value>
		</d2p1:KeyValueOfstringanyType>
		<d2p1:KeyValueOfstringanyType>
			<d2p1:Key>SpreadRisk</d2p1:Key>
			<d2p1:Value xmlns:d4p1="http://www.w3.org/2001/XMLSchema" i:type="d4p1:string">High</d2p1:Value>
		</d2p1:KeyValueOfstringanyType>
		<d2p1:KeyValueOfstringanyType>
			<d2p1:Key>CurrentSpreadLevel</d2p1:Key>
			<d2p1:Value xmlns:d4p1="http://www.w3.org/2001/XMLSchema" i:type="d4p1:string">Unknown</d2p1:Value>
		</d2p1:KeyValueOfstringanyType>
		<d2p1:KeyValueOfstringanyType>
			<d2p1:Key>Aliases</d2p1:Key>
			<d2p1:Value xmlns:d4p1="http://www.w3.org/2001/XMLSchema" i:type="d4p1:string">TrojanDownloader:Win32/Upatre</d2p1:Value>
		</d2p1:KeyValueOfstringanyType>
		<d2p1:KeyValueOfstringanyType>
			<d2p1:Key>CreatedFile</d2p1:Key>
			<d2p1:Value xmlns:d4p1="http://www.w3.org/2001/XMLSchema" i:type="d4p1:string"></d2p1:Value>
		</d2p1:KeyValueOfstringanyType>
		<d2p1:KeyValueOfstringanyType>
			<d2p1:Key>Activity</d2p1:Key>
			<d2p1:Value xmlns:d4p1="http://www.w3.org/2001/XMLSchema" i:type="d4p1:string">File</d2p1:Value>
		</d2p1:KeyValueOfstringanyType>
		<d2p1:KeyValueOfstringanyType>
			<d2p1:Key>Platform</d2p1:Key>
			<d2p1:Value xmlns:d4p1="http://www.w3.org/2001/XMLSchema" i:type="d4p1:string">Windows</d2p1:Value>
		</d2p1:KeyValueOfstringanyType>
		<d2p1:KeyValueOfstringanyType>
			<d2p1:Key>Origin</d2p1:Key>
			<d2p1:Value xmlns:d4p1="http://www.w3.org/2001/XMLSchema" i:type="d4p1:string">Country Code</d2p1:Value>
		</d2p1:KeyValueOfstringanyType>
		<d2p1:KeyValueOfstringanyType>
			<d2p1:Key>InfectionRoute</d2p1:Key>
			<d2p1:Value xmlns:d4p1="http://www.w3.org/2001/XMLSchema" i:type="d4p1:string">File Execution, Mail</d2p1:Value>
		</d2p1:KeyValueOfstringanyType>
		<d2p1:KeyValueOfstringanyType>
			<d2p1:Key>InfectionMethod</d2p1:Key>
			<d2p1:Value xmlns:d4p1="http://www.w3.org/2001/XMLSchema" i:type="d4p1:string">Executable File</d2p1:Value>
		</d2p1:KeyValueOfstringanyType>
		<d2p1:KeyValueOfstringanyType>
			<d2p1:Key>DateDiscovered</d2p1:Key>
			<d2p1:Value xmlns:d4p1="http://www.w3.org/2001/XMLSchema" i:type="d4p1:string">Unknown</d2p1:Value>
		</d2p1:KeyValueOfstringanyType>
		<d2p1:KeyValueOfstringanyType>
			<d2p1:Key>Instructions</d2p1:Key>
			<d2p1:Value xmlns:d4p1="http://www.w3.org/2001/XMLSchema" i:type="d4p1:string">&lt;p&gt;You can scan this virus with the latest Engine&amp;nbsp; &lt;br /&gt; You can cure this virus with the latest Engine &lt;/p&gt;</d2p1:Value>
		</d2p1:KeyValueOfstringanyType>
		<d2p1:KeyValueOfstringanyType>
			<d2p1:Key>Summary</d2p1:Key>
			<d2p1:Value xmlns:d4p1="http://www.w3.org/2001/XMLSchema" i:type="d4p1:string">&lt;p&gt;&lt;span style="color: #ff0000;"&gt;Trojan/Win32.Upatre.R165831&lt;/span&gt; is a trojan, which creates the specific file(s). The malicious codes is attached in E-mail and spread to users and it uses fake PDF icon to deceive users. It tries to download a file from a specific network connection.&lt;/p&gt;</d2p1:Value>
		</d2p1:KeyValueOfstringanyType>
		<d2p1:KeyValueOfstringanyType>
			<d2p1:Key>Published</d2p1:Key>
			<d2p1:Value xmlns:d4p1="http://www.w3.org/2001/XMLSchema" i:type="d4p1:boolean">true</d2p1:Value>
		</d2p1:KeyValueOfstringanyType>
		<d2p1:KeyValueOfstringanyType>
			<d2p1:Key>ParentFolder</d2p1:Key>
			<d2p1:Value i:nil="true" />
		</d2p1:KeyValueOfstringanyType>
		<d2p1:KeyValueOfstringanyType>
			<d2p1:Key>ParentUUID</d2p1:Key>
			<d2p1:Value i:nil="true" />
		</d2p1:KeyValueOfstringanyType>
		<d2p1:KeyValueOfstringanyType>
			<d2p1:Key>UserId</d2p1:Key>
			<d2p1:Value xmlns:d4p1="http://www.w3.org/2001/XMLSchema" i:type="d4p1:string">admin</d2p1:Value>
		</d2p1:KeyValueOfstringanyType>
		<d2p1:KeyValueOfstringanyType>
			<d2p1:Key>Sequence</d2p1:Key>
			<d2p1:Value xmlns:d4p1="http://www.w3.org/2001/XMLSchema" i:type="d4p1:int">2</d2p1:Value>
		</d2p1:KeyValueOfstringanyType>
	</TextContent>
	<Categories>
		<Category>
			<FolderName>Security~Virus~VirusType</FolderName>
			<Contents>
				<CategoryContent>
					<UUID>SY82WM2223MY933F</UUID>
					<DisplayName>Virus</DisplayName>
				</CategoryContent>
				<CategoryContent>
					<UUID>JKK24VWWMDDN6DQ9</UUID>
					<DisplayName>Downloader</DisplayName>
				</CategoryContent>
				<CategoryContent>
					<UUID>W2C2QQRX9URZEJLH</UUID>
					<DisplayName>Trojan</DisplayName>
				</CategoryContent>
			</Contents>
		</Category>
		<Category>
			<FolderName>Security~RiskLevel</FolderName>
			<Contents />
		</Category>
	</Categories>
</VersionInfo>