﻿<VersionInfo xmlns:i="http://www.w3.org/2001/XMLSchema-instance" xmlns="http://schemas.datacontract.org/2004/07/Kooboo.CMS.Content.Versioning">
	<CommitUser>admin</CommitUser>
	<UtcCommitDate>2016-03-14T17:32:16.9054889+07:00</UtcCommitDate>
	<TextContent xmlns:d2p1="http://schemas.microsoft.com/2003/10/Serialization/Arrays">
		<d2p1:KeyValueOfstringanyType>
			<d2p1:Key>UserKey</d2p1:Key>
			<d2p1:Value xmlns:d4p1="http://www.w3.org/2001/XMLSchema" i:type="d4p1:string">Adware</d2p1:Value>
		</d2p1:KeyValueOfstringanyType>
		<d2p1:KeyValueOfstringanyType>
			<d2p1:Key>Id</d2p1:Key>
			<d2p1:Value xmlns:d4p1="http://www.w3.org/2001/XMLSchema" i:type="d4p1:string"></d2p1:Value>
		</d2p1:KeyValueOfstringanyType>
		<d2p1:KeyValueOfstringanyType>
			<d2p1:Key>UtcCreationDate</d2p1:Key>
			<d2p1:Value xmlns:d4p1="http://www.w3.org/2001/XMLSchema" i:type="d4p1:dateTime">2016-03-14T17:32:16.9054889+07:00</d2p1:Value>
		</d2p1:KeyValueOfstringanyType>
		<d2p1:KeyValueOfstringanyType>
			<d2p1:Key>UtcLastModificationDate</d2p1:Key>
			<d2p1:Value xmlns:d4p1="http://www.w3.org/2001/XMLSchema" i:type="d4p1:dateTime">2016-03-14T17:32:16.9054889+07:00</d2p1:Value>
		</d2p1:KeyValueOfstringanyType>
		<d2p1:KeyValueOfstringanyType>
			<d2p1:Key>UUID</d2p1:Key>
			<d2p1:Value xmlns:d4p1="http://www.w3.org/2001/XMLSchema" i:type="d4p1:string">2UFJQMCX7B2QAM9K</d2p1:Value>
		</d2p1:KeyValueOfstringanyType>
		<d2p1:KeyValueOfstringanyType>
			<d2p1:Key>Repository</d2p1:Key>
			<d2p1:Value xmlns:d4p1="http://www.w3.org/2001/XMLSchema" i:type="d4p1:string">Ahnlab</d2p1:Value>
		</d2p1:KeyValueOfstringanyType>
		<d2p1:KeyValueOfstringanyType>
			<d2p1:Key>FolderName</d2p1:Key>
			<d2p1:Value xmlns:d4p1="http://www.w3.org/2001/XMLSchema" i:type="d4p1:string">Security~Virus~VirusType</d2p1:Value>
		</d2p1:KeyValueOfstringanyType>
		<d2p1:KeyValueOfstringanyType>
			<d2p1:Key>SchemaName</d2p1:Key>
			<d2p1:Value xmlns:d4p1="http://www.w3.org/2001/XMLSchema" i:type="d4p1:string">Catagory</d2p1:Value>
		</d2p1:KeyValueOfstringanyType>
		<d2p1:KeyValueOfstringanyType>
			<d2p1:Key>Name</d2p1:Key>
			<d2p1:Value xmlns:d4p1="http://www.w3.org/2001/XMLSchema" i:type="d4p1:string">Adware</d2p1:Value>
		</d2p1:KeyValueOfstringanyType>
		<d2p1:KeyValueOfstringanyType>
			<d2p1:Key>Url</d2p1:Key>
			<d2p1:Value xmlns:d4p1="http://www.w3.org/2001/XMLSchema" i:type="d4p1:string">#</d2p1:Value>
		</d2p1:KeyValueOfstringanyType>
		<d2p1:KeyValueOfstringanyType>
			<d2p1:Key>IsHot</d2p1:Key>
			<d2p1:Value xmlns:d4p1="http://www.w3.org/2001/XMLSchema" i:type="d4p1:boolean">false</d2p1:Value>
		</d2p1:KeyValueOfstringanyType>
		<d2p1:KeyValueOfstringanyType>
			<d2p1:Key>Order</d2p1:Key>
			<d2p1:Value xmlns:d4p1="http://www.w3.org/2001/XMLSchema" i:type="d4p1:int">0</d2p1:Value>
		</d2p1:KeyValueOfstringanyType>
		<d2p1:KeyValueOfstringanyType>
			<d2p1:Key>CssClass</d2p1:Key>
			<d2p1:Value xmlns:d4p1="http://www.w3.org/2001/XMLSchema" i:type="d4p1:string"></d2p1:Value>
		</d2p1:KeyValueOfstringanyType>
		<d2p1:KeyValueOfstringanyType>
			<d2p1:Key>HtmlAdv</d2p1:Key>
			<d2p1:Value xmlns:d4p1="http://www.w3.org/2001/XMLSchema" i:type="d4p1:string"></d2p1:Value>
		</d2p1:KeyValueOfstringanyType>
		<d2p1:KeyValueOfstringanyType>
			<d2p1:Key>Published</d2p1:Key>
			<d2p1:Value xmlns:d4p1="http://www.w3.org/2001/XMLSchema" i:type="d4p1:boolean">false</d2p1:Value>
		</d2p1:KeyValueOfstringanyType>
		<d2p1:KeyValueOfstringanyType>
			<d2p1:Key>ParentFolder</d2p1:Key>
			<d2p1:Value i:nil="true" />
		</d2p1:KeyValueOfstringanyType>
		<d2p1:KeyValueOfstringanyType>
			<d2p1:Key>ParentUUID</d2p1:Key>
			<d2p1:Value i:nil="true" />
		</d2p1:KeyValueOfstringanyType>
		<d2p1:KeyValueOfstringanyType>
			<d2p1:Key>UserId</d2p1:Key>
			<d2p1:Value xmlns:d4p1="http://www.w3.org/2001/XMLSchema" i:type="d4p1:string">admin</d2p1:Value>
		</d2p1:KeyValueOfstringanyType>
		<d2p1:KeyValueOfstringanyType>
			<d2p1:Key>Sequence</d2p1:Key>
			<d2p1:Value xmlns:d4p1="http://www.w3.org/2001/XMLSchema" i:type="d4p1:int">2</d2p1:Value>
		</d2p1:KeyValueOfstringanyType>
	</TextContent>
	<Categories />
</VersionInfo>